Marital Status,Application mode,Application order,Course,Daytime/evening attendance,Previous qualification,Previous qualification (grade),Nationality,Mother's qualification,Father's qualification,Mother's occupation,Father's occupation,Admission grade,Displaced,Educational special needs,Debtor,Tuition fees up to date,Gender,Scholarship holder,Age at enrollment,International,Curricular units 1st sem (credited),Curricular units 1st sem (enrolled),Curricular units 1st sem (evaluations),Curricular units 1st sem (approved),Curricular units 1st sem (grade),Curricular units 1st sem (without evaluations),Curricular units 2nd sem (credited),Curricular units 2nd sem (enrolled),Curricular units 2nd sem (evaluations),Curricular units 2nd sem (approved),Curricular units 2nd sem (grade),Curricular units 2nd sem (without evaluations),Unemployment rate,Inflation rate,GDP,Target
1,44,1,9119,1,1,1,1,37,12,9,8,2,1,0,1,0,1,0,2,0,0,1,1,0,0,0,0,1,1,0,0,0,2,0,2,0
1,1,4,9119,1,1,0,1,37,37,9,5,0,1,0,0,1,1,1,2,0,0,1,2,1,2,0,0,2,3,1,2,0,1,1,3,0
2,1,1,9991,0,1,3,1,37,37,9,9,2,0,0,0,0,0,0,3,0,0,1,1,1,1,0,0,1,1,2,0,0,1,1,2,0
4,42,1,9147,1,1,1,1,37,38,7,3,1,1,0,0,1,1,0,3,0,0,1,1,1,0,0,0,1,1,0,0,0,0,2,1,0
1,39,1,33,1,1,1,1,19,37,9,9,0,0,0,0,1,1,0,2,0,0,3,3,1,3,0,0,3,3,1,1,0,2,1,2,0
2,39,1,9085,1,1,3,1,37,37,90,10,0,0,0,0,1,1,0,3,0,0,2,0,0,0,0,0,2,0,0,0,0,1,1,2,0
1,51,1,9991,0,39,0,1,1,4,4,10,1,0,0,0,1,1,0,3,0,3,3,3,3,1,0,3,3,3,3,1,0,0,1,3,0
1,53,1,9085,1,42,2,1,19,38,9,9,3,0,0,1,0,0,0,2,0,3,3,3,3,3,0,2,3,3,2,2,0,0,1,3,0
1,18,1,9147,1,1,3,1,19,1,9,7,3,1,0,0,1,1,0,1,0,0,1,0,0,0,0,0,1,0,0,0,0,2,1,2,0
1,39,1,9003,1,1,3,1,1,38,5,6,3,0,0,0,1,1,0,3,0,0,2,2,0,0,0,0,2,1,0,0,0,2,0,2,0
2,42,1,9147,1,1,1,1,37,37,9,9,0,0,0,0,0,1,0,3,0,0,1,1,0,0,0,0,1,2,0,0,0,1,1,2,0
2,7,1,8014,0,3,0,1,38,1,9,9,1,0,0,0,0,0,0,3,0,0,2,0,0,0,0,0,3,0,0,0,0,1,1,2,0
2,43,1,9991,0,1,2,1,37,37,4,9,0,0,0,0,0,0,0,3,0,1,2,3,1,1,0,0,1,1,1,0,0,2,3,0,0
1,43,1,9500,1,1,2,100,1,1,6,6,2,0,0,0,1,0,0,3,1,0,3,0,0,0,0,0,3,0,0,0,0,2,3,0,0
1,39,1,171,1,1,3,1,37,38,175,193,2,0,0,0,0,0,0,3,0,0,0,0,0,0,0,0,0,0,0,0,0,3,0,1,0
1,1,1,9254,1,1,1,1,19,9,0,0,1,1,0,0,1,0,1,1,0,0,2,3,0,0,0,0,2,3,0,0,0,0,2,1,0
1,43,2,9773,1,1,0,1,34,34,0,0,0,1,0,0,1,0,0,3,0,2,3,3,3,2,0,2,3,3,2,1,0,0,0,0,0
1,1,1,9853,1,1,0,1,37,19,6,7,0,1,0,0,1,0,0,0,0,0,3,3,1,1,0,0,3,3,1,0,0,0,0,0,0
1,43,1,9991,0,1,1,1,37,19,3,10,3,0,0,0,1,1,1,3,0,0,1,3,1,0,0,0,1,3,1,1,0,2,0,2,0
1,1,1,9070,1,1,3,1,1,1,4,8,3,0,0,0,1,1,0,0,0,0,2,0,0,0,0,0,2,0,0,0,0,3,3,0,0
1,39,1,9670,1,1,1,1,19,19,3,3,1,0,1,0,1,1,1,3,0,0,2,0,0,0,0,0,2,0,0,0,0,2,1,2,0
1,17,1,9853,1,1,0,1,37,38,9,9,1,1,0,0,1,0,1,2,0,0,2,2,2,1,0,0,2,2,2,1,0,1,1,2,0
1,39,1,9147,1,1,2,1,12,3,4,3,1,1,0,0,1,0,0,2,0,0,1,1,0,0,0,0,1,1,0,0,0,0,2,1,0
1,39,1,9670,1,1,1,1,1,1,4,4,0,0,0,0,1,0,0,2,0,0,2,3,1,1,0,0,2,3,1,0,3,3,0,1,0
1,7,3,9130,1,3,1,1,19,37,90,5,2,0,0,1,0,0,0,3,0,1,1,1,1,1,0,0,1,1,1,1,0,2,3,0,0
6,39,1,9500,1,1,1,1,37,37,9,9,0,0,0,0,1,0,0,3,0,0,3,3,1,1,0,0,3,3,1,2,0,3,0,1,0
1,39,1,9085,1,1,0,1,40,1,5,6,3,0,0,1,0,1,0,3,0,2,3,2,2,1,0,2,3,1,1,1,0,0,1,3,0
1,44,1,9085,1,39,2,1,19,37,5,7,3,1,0,0,1,1,0,0,0,1,2,3,1,2,0,1,2,3,1,1,0,2,1,2,0
1,1,3,9238,1,1,0,1,19,1,7,10,0,1,0,1,1,0,0,0,0,0,2,2,0,0,0,0,1,1,0,0,0,2,0,2,0
5,39,1,9003,1,1,1,1,37,37,9,7,0,0,0,1,0,0,0,3,0,0,2,3,2,2,0,0,2,3,1,1,0,2,0,2,0
1,39,1,9500,1,19,1,1,38,38,9,9,0,0,0,0,1,0,0,3,0,0,3,3,1,0,0,0,3,3,1,0,0,2,0,2,0
1,39,1,9003,1,19,1,1,1,19,4,10,0,0,0,0,1,1,0,3,0,2,3,3,2,1,0,1,3,3,2,1,0,3,3,0,0
1,7,1,9556,1,2,1,1,37,37,9,9,2,1,0,0,1,0,1,3,0,0,3,2,1,0,0,0,3,1,0,0,0,2,3,0,0
1,51,1,9991,0,42,0,1,19,37,5,9,2,0,0,0,0,0,0,2,0,3,3,3,3,0,0,2,1,1,2,0,0,0,1,3,0
1,1,5,9147,1,1,0,1,38,38,9,9,0,1,0,1,0,0,0,2,0,0,1,3,1,1,0,0,1,3,0,0,0,2,3,0,0
2,39,1,9147,1,19,1,1,37,19,9,3,2,0,0,0,1,1,0,3,0,0,1,2,1,3,0,0,1,2,1,3,0,0,1,3,0
1,17,5,9254,1,1,0,1,1,1,2,3,0,1,0,0,1,1,0,2,0,0,2,3,1,1,0,0,2,3,1,0,0,0,0,0,0
1,44,1,9003,1,39,0,1,1,19,9,7,1,0,0,0,1,1,0,2,0,1,2,3,1,1,0,0,2,3,1,0,0,2,0,2,0
1,7,1,9500,1,3,2,1,34,34,0,0,3,0,0,0,1,0,0,3,0,0,3,0,0,0,0,0,3,0,0,0,0,0,2,1,0
1,1,1,9238,1,1,0,1,1,1,9,4,0,1,0,1,0,0,1,2,0,0,2,0,0,0,0,0,2,0,0,0,0,2,1,2,0
1,39,1,9773,1,19,1,1,19,19,3,4,0,0,0,1,0,0,0,3,0,0,1,1,1,1,0,0,1,1,0,0,0,1,1,3,0
1,7,1,9147,1,3,0,1,1,39,4,7,1,0,0,0,1,0,0,3,0,1,1,2,1,3,0,0,1,1,0,0,0,2,1,2,0
1,1,5,9500,1,1,0,1,3,4,4,3,0,1,0,0,1,0,0,1,0,1,3,2,2,2,0,0,3,3,1,2,0,2,1,2,0
1,42,1,9119,1,1,0,1,3,1,2,9,0,1,0,0,1,1,0,3,0,2,3,3,1,1,0,2,3,3,1,1,0,0,2,1,0
1,1,6,9147,1,1,3,1,38,37,7,7,2,0,1,0,1,1,0,2,0,0,1,0,0,0,0,0,1,0,0,0,0,1,1,2,0
1,1,1,9130,1,1,2,1,3,19,2,4,2,1,0,0,1,1,0,0,0,0,2,2,1,1,0,0,2,3,1,2,0,1,1,3,0
1,17,1,9254,1,1,1,1,19,38,9,9,1,0,0,0,1,0,0,0,0,0,1,1,0,0,0,0,2,0,0,0,0,0,1,3,0
1,39,1,9254,1,3,1,1,19,19,4,6,2,0,0,0,1,0,0,3,0,0,1,0,0,0,0,0,1,0,0,0,0,3,3,0,0
1,16,1,171,1,1,3,1,37,37,9,9,2,1,0,0,1,1,0,0,0,0,0,0,0,0,0,0,0,0,0,0,0,0,2,1,0
1,17,3,9773,1,1,3,1,34,34,99,99,2,1,0,1,1,0,1,0,0,0,3,2,3,1,0,0,3,2,2,2,0,0,0,0,0
1,7,1,9147,1,3,1,1,37,37,9,9,2,0,0,0,1,0,0,2,0,0,1,0,0,0,0,0,1,0,0,0,0,2,3,0,0
1,39,1,9991,0,1,0,1,37,37,9,6,3,0,0,1,0,1,0,3,0,0,1,2,0,0,0,0,1,1,0,0,0,2,1,2,0
2,18,2,8014,0,1,2,1,37,37,9,10,1,0,0,1,0,0,0,3,0,0,1,1,0,0,0,0,1,1,0,0,0,0,0,0,0
2,39,1,9500,1,1,1,1,37,38,9,8,1,0,0,0,1,0,0,3,0,0,3,0,0,0,0,0,3,0,0,0,0,2,0,2,0
2,39,1,9853,1,12,1,1,37,37,7,8,0,0,0,0,1,0,0,3,0,0,2,0,0,0,0,0,2,0,0,0,0,3,0,1,0
1,1,1,9773,1,1,1,1,37,1,9,7,1,1,0,0,1,0,0,0,0,0,2,2,2,2,0,0,2,1,2,2,0,3,3,0,0
1,1,5,9119,1,1,1,1,12,19,4,5,1,1,0,0,1,1,0,0,0,0,1,3,1,1,0,0,1,3,1,1,0,2,1,2,0
1,17,3,9500,1,1,2,1,3,3,4,5,2,1,0,0,1,0,0,0,0,0,3,2,3,3,0,0,3,2,3,3,0,2,0,2,0
1,7,1,9500,1,3,2,1,1,1,9,5,3,0,0,0,1,0,0,3,0,1,3,2,2,3,0,2,3,3,2,3,0,3,0,1,0
1,17,2,9500,1,1,1,1,38,1,5,7,1,1,0,0,1,0,1,1,0,0,3,2,2,3,0,0,3,2,3,3,0,3,0,1,0
1,39,1,9130,1,19,1,1,19,3,9,2,3,1,0,1,1,1,0,2,0,0,2,3,2,2,0,0,2,3,1,2,0,3,0,1,0
1,17,1,9853,1,1,3,1,37,37,9,9,3,1,0,0,1,0,0,2,0,0,1,3,1,0,0,0,1,3,1,1,0,0,2,1,0
1,1,3,9500,1,1,2,1,3,1,4,1,1,1,0,0,1,1,0,0,0,0,3,3,2,2,1,0,3,3,2,2,1,1,1,2,0
1,7,1,9119,1,3,1,1,34,34,90,90,2,0,0,0,1,1,0,3,0,0,1,1,0,0,0,0,1,1,0,0,0,1,1,2,0
1,17,4,9556,1,1,2,1,38,37,3,7,2,1,0,0,1,0,0,2,0,0,3,0,0,0,0,0,3,0,0,0,0,2,3,0,0
1,39,1,9670,1,1,0,1,34,34,0,0,0,1,0,0,0,1,0,3,0,0,1,1,1,1,0,0,1,2,1,1,1,0,2,1,0
2,39,1,9085,1,19,1,1,38,38,4,7,2,0,0,0,1,0,0,3,0,0,1,0,0,0,0,0,1,0,0,0,0,2,3,0,0
1,18,4,9853,1,1,0,1,19,37,9,6,0,1,0,1,0,0,0,1,0,0,3,3,0,0,0,0,3,1,0,0,0,1,1,3,0
1,18,2,9853,1,1,0,1,1,3,9,2,1,1,0,1,0,0,0,1,0,0,2,3,2,2,0,0,2,2,1,0,0,1,1,2,0
1,1,1,9773,1,1,1,1,1,19,7,7,1,1,0,0,1,0,1,1,0,0,1,3,1,3,0,0,1,3,1,1,0,0,0,0,1
1,17,1,9070,1,1,2,1,1,37,4,5,2,0,0,0,1,0,0,1,0,0,2,1,2,2,0,0,2,2,2,1,0,1,1,2,1
1,1,2,9773,1,1,2,1,3,1,4,4,3,1,0,0,1,1,0,0,0,0,2,2,2,1,0,0,2,3,2,2,0,0,1,3,1
1,43,1,9500,1,1,2,1,19,37,173,183,1,1,0,0,1,0,0,2,0,0,3,3,1,2,0,0,3,2,2,2,0,2,0,2,1
1,1,1,9773,1,1,1,1,5,3,4,4,1,1,0,0,1,1,0,1,0,0,2,2,3,1,0,0,2,2,1,1,0,2,1,2,1
1,17,2,9500,1,1,1,1,19,37,3,5,1,1,0,0,0,0,1,1,0,0,3,1,3,3,0,0,3,3,3,2,0,1,1,3,1
1,17,1,9238,1,1,0,1,1,1,9,9,0,0,0,0,1,0,1,1,0,0,2,3,1,0,0,0,2,3,2,1,0,3,3,0,1
1,17,3,9085,1,1,2,1,37,38,9,9,1,1,0,0,1,0,0,1,0,0,1,3,1,1,2,0,1,2,1,2,0,0,0,0,1
1,39,1,9085,1,1,1,1,3,3,4,2,3,1,0,0,1,0,0,3,0,0,2,3,1,1,0,0,2,3,1,2,0,2,1,2,1
1,1,1,9254,1,1,0,1,19,1,3,7,0,0,0,0,1,1,0,2,0,0,1,3,2,2,0,0,1,2,2,1,0,1,1,3,1
4,39,1,9991,0,1,1,1,37,37,9,9,2,0,0,0,1,1,0,3,0,0,1,1,0,0,0,0,1,1,0,0,0,0,2,1,1
2,7,1,9147,1,3,0,1,19,1,9,9,0,0,0,0,1,0,0,3,0,2,3,3,3,2,0,1,1,2,1,1,0,1,1,3,1
1,17,1,9147,1,1,2,1,1,1,9,3,1,1,0,0,1,1,0,0,0,0,1,1,2,1,0,0,1,1,1,2,0,3,3,0,1
1,17,1,9670,1,1,0,1,19,19,191,171,0,0,0,1,0,1,0,2,0,0,2,3,1,1,0,0,2,2,1,3,0,1,1,3,1
1,44,1,9085,1,39,3,1,19,38,194,193,3,1,0,0,1,0,0,2,0,0,2,3,1,1,0,0,2,3,1,1,0,0,1,3,1
1,1,1,9670,1,1,0,1,37,37,10,6,1,1,0,0,1,0,0,1,0,0,1,1,1,2,0,0,1,2,1,2,2,0,2,1,1
1,1,3,9238,1,1,1,1,1,1,9,9,0,1,0,0,1,1,0,2,0,0,3,1,1,1,0,0,3,2,1,1,0,0,1,3,1
1,39,1,9500,1,1,0,1,3,1,2,5,1,1,0,0,1,0,0,3,0,0,3,3,3,1,0,0,3,3,3,1,0,1,1,2,1
1,1,2,9238,1,1,2,1,22,30,0,8,3,1,0,0,1,0,0,0,0,0,2,2,3,3,0,0,2,2,2,3,0,0,2,1,2
1,17,1,9254,1,1,1,1,3,19,4,4,0,0,0,0,1,1,0,2,0,0,1,1,1,0,0,0,1,1,1,2,0,3,3,0,2
1,1,3,171,1,1,0,1,1,1,9,8,1,0,0,0,1,0,1,2,0,0,0,0,0,0,0,0,0,0,0,0,0,1,1,3,2
1,17,6,9254,1,1,0,1,1,1,4,3,1,1,0,0,1,1,0,0,0,0,2,1,2,3,0,0,2,1,2,3,0,1,1,3,2
1,1,4,9500,1,1,3,1,19,19,9,3,1,1,0,0,1,0,0,0,0,0,3,2,3,3,0,0,3,1,3,3,0,0,2,1,2
1,44,1,9003,1,39,3,1,19,19,9,7,3,1,0,1,1,1,0,2,0,0,2,1,2,3,0,0,2,1,2,3,0,2,1,2,2
1,1,1,9070,1,1,1,1,1,1,9,9,2,1,0,0,1,0,1,1,0,0,3,1,3,3,0,0,3,1,3,3,0,3,0,1,2
1,1,1,9500,1,1,1,1,1,1,9,9,1,0,0,0,1,1,0,1,0,0,3,2,3,3,0,0,3,2,3,3,0,2,3,0,2
1,1,1,9773,1,1,0,1,1,38,4,9,0,0,0,0,1,0,1,0,0,0,2,1,3,2,0,0,2,1,3,2,0,1,1,3,2
1,16,1,9003,1,1,3,1,1,37,4,9,3,1,0,1,1,0,1,1,0,3,3,3,3,3,0,3,3,3,3,3,0,3,3,0,2
1,1,1,9130,1,1,3,1,1,1,4,10,3,1,0,0,1,1,0,0,0,0,1,1,2,3,0,0,1,1,1,2,1,1,1,2,2
1,1,2,9500,1,1,3,1,1,1,4,3,3,1,0,0,1,0,0,0,0,0,3,2,3,3,0,0,3,2,3,3,0,0,2,1,2
1,5,5,9254,1,1,0,1,1,37,9,7,1,1,0,0,1,0,1,0,0,0,2,1,3,2,0,0,2,1,3,2,0,2,1,2,2
1,17,1,9853,1,1,3,1,19,19,3,4,3,0,0,0,1,0,0,3,0,1,3,3,3,1,0,1,3,3,3,1,0,2,3,0,2
1,39,1,8014,0,19,1,1,19,19,144,141,2,0,0,1,1,0,1,3,0,0,2,2,3,1,0,0,2,2,1,3,0,1,1,3,2
1,17,1,9500,1,1,3,1,37,19,8,4,2,0,0,0,1,1,0,2,0,0,3,2,3,1,0,0,3,2,3,3,0,2,0,2,2
1,1,3,9238,1,1,2,1,1,12,9,10,1,1,0,0,1,0,1,0,0,0,1,1,2,1,0,0,1,1,2,1,0,2,1,2,2
1,43,1,9500,1,1,2,1,1,38,4,7,0,0,0,0,1,0,1,0,0,0,3,2,3,3,0,0,3,2,3,3,0,2,0,2,2
4,39,1,8014,0,3,0,1,37,37,9,9,2,0,0,0,1,0,1,3,0,0,2,1,2,1,0,0,2,1,2,2,0,0,0,0,2
1,1,1,171,1,1,3,1,3,3,2,2,3,1,0,0,1,0,0,2,0,2,3,3,3,3,0,2,3,3,3,3,0,0,1,3,2
1,1,3,9773,1,1,0,1,1,1,4,7,1,1,0,1,1,1,1,0,0,0,3,1,3,3,0,0,3,1,3,3,0,1,1,3,2
1,43,2,9238,1,1,0,1,37,37,9,7,0,1,0,0,1,0,1,3,0,2,3,3,2,0,0,1,3,2,3,1,0,0,0,0,2
2,39,2,8014,0,1,0,1,34,34,0,0,0,1,0,0,1,0,0,3,0,0,2,2,2,1,0,1,2,3,1,0,1,0,2,1,2
1,1,6,9500,1,1,0,1,1,3,2,2,0,1,1,0,1,0,0,2,0,0,3,2,1,3,0,0,3,2,3,3,0,1,1,3,2
1,1,6,9500,1,1,0,1,19,37,3,5,0,1,0,1,1,1,1,1,0,0,3,1,3,2,0,0,3,2,3,2,0,2,1,2,2
1,18,2,9500,1,1,1,1,1,3,3,2,1,1,0,0,1,0,0,0,0,0,3,2,3,2,0,0,3,2,3,2,0,3,0,1,2
1,1,2,9085,1,1,0,1,3,1,4,7,0,1,0,0,1,0,0,0,0,0,2,3,2,2,0,0,2,3,1,1,0,3,3,0,2
1,1,2,9500,1,1,3,1,37,37,9,7,2,1,0,0,1,0,0,0,0,0,3,3,3,3,0,0,3,2,3,3,0,3,3,0,2
1,43,3,9500,1,1,2,1,38,37,9,8,3,0,0,0,1,0,0,2,0,3,3,3,3,3,2,3,3,3,3,3,2,0,2,1,2
1,17,4,9773,1,1,1,1,1,19,4,1,0,1,0,0,1,0,0,0,0,0,1,1,2,2,0,0,1,1,2,3,0,2,0,2,2
1,1,4,9500,1,1,2,1,19,38,9,3,1,1,0,0,1,0,0,0,0,0,3,2,3,3,0,0,3,1,3,3,0,0,2,1,2
1,17,1,171,1,1,3,1,3,3,3,3,3,1,0,0,0,0,0,0,0,2,3,3,3,2,0,2,3,3,3,2,0,0,1,3,2
1,18,1,9670,1,1,2,1,1,37,9,9,2,1,0,0,1,1,0,2,0,0,2,3,1,2,0,0,2,3,1,2,0,2,3,0,2
1,1,1,9500,1,1,2,1,1,19,9,9,2,0,0,0,1,1,0,0,0,0,3,1,2,2,0,0,3,2,3,2,0,2,1,2,2
2,39,1,9556,1,1,0,6,38,38,9,9,2,0,0,0,1,0,0,3,1,0,3,3,3,0,0,0,3,2,3,2,0,2,3,0,2
1,1,3,9500,1,1,3,1,1,1,4,4,2,1,0,0,1,0,0,0,0,0,3,2,3,3,0,0,3,2,3,3,0,2,3,0,2
1,1,3,9773,1,1,0,1,19,19,5,5,0,1,0,0,1,0,0,0,0,0,2,1,2,2,0,0,2,2,1,2,0,2,1,2,2
1,17,1,9238,1,1,0,1,1,1,3,3,1,1,0,0,1,0,1,0,0,0,2,1,3,3,0,0,2,1,2,3,0,0,1,3,2
1,44,1,9147,1,39,1,1,19,1,9,3,2,0,0,0,1,0,1,1,0,2,3,2,3,2,0,1,1,1,2,3,0,1,1,3,2
1,1,3,9500,1,1,2,1,1,37,7,7,1,1,0,0,1,0,0,0,0,0,3,3,3,2,0,0,3,3,3,2,0,1,1,2,2
1,1,1,9238,1,1,0,1,38,38,8,7,0,1,0,0,1,0,1,0,0,0,2,1,2,1,0,0,2,2,2,2,0,2,1,2,2
1,43,1,9147,1,1,3,1,1,19,9,10,3,0,0,0,1,0,1,0,0,0,1,3,2,2,0,0,1,3,2,3,3,3,0,1,2
1,17,1,9238,1,1,0,1,37,37,4,9,0,1,0,0,1,0,1,0,0,0,1,3,1,0,1,0,1,2,1,1,0,2,3,0,2
1,1,6,9500,1,1,2,1,1,1,4,4,1,1,0,0,1,0,0,0,0,0,3,2,3,1,0,0,3,2,3,1,0,1,1,2,2
1,1,2,171,1,1,0,1,1,19,3,3,1,1,0,0,1,0,0,2,0,2,3,3,3,2,0,2,3,3,3,3,0,0,1,3,2
1,1,4,9500,1,1,0,1,1,1,4,7,0,1,0,0,1,0,1,0,0,0,3,1,3,2,0,0,3,2,3,2,0,1,1,3,2
1,1,1,9070,1,1,3,1,3,3,1,2,3,1,0,0,1,0,0,0,0,0,1,1,2,3,0,0,2,1,1,3,0,2,3,0,2
1,17,3,9085,1,1,0,1,38,1,9,9,0,1,0,0,1,1,0,2,0,0,1,3,0,0,0,0,1,3,2,2,1,1,1,2,2
1,1,1,171,1,1,3,1,37,37,9,7,3,1,0,0,1,0,0,0,0,0,0,0,0,0,0,0,0,0,0,0,0,0,2,1,2
1,1,1,9670,1,1,3,1,1,19,4,4,2,0,0,0,1,0,1,0,0,0,2,2,3,3,0,0,2,2,3,2,0,1,1,3,2
1,17,1,9500,1,1,3,1,19,19,4,9,2,0,0,0,1,1,0,2,0,0,3,2,3,3,0,0,3,2,3,3,0,1,1,2,2
1,1,1,9147,1,1,1,1,19,37,9,9,2,0,0,0,1,1,0,0,0,0,1,1,2,1,0,0,1,1,2,2,0,2,1,2,2
1,17,5,9500,1,1,3,1,19,19,9,7,2,1,0,0,1,0,1,0,0,0,3,2,3,3,0,0,3,2,3,3,0,3,3,0,2
1,51,1,33,1,1,0,1,19,37,5,7,1,0,0,0,1,0,0,3,0,3,3,3,3,2,0,3,3,3,3,1,0,0,1,3,2
1,17,2,171,1,1,1,1,2,1,3,3,3,1,0,0,1,0,0,1,0,0,0,0,0,0,0,0,0,0,0,0,0,0,0,0,2
1,16,6,9147,1,1,1,1,37,37,9,9,0,1,0,0,1,0,0,1,0,0,1,2,1,1,0,0,1,3,1,2,0,0,2,1,2
1,1,1,9238,1,1,3,1,19,19,9,7,3,0,0,0,1,0,1,0,0,0,3,1,3,3,0,0,3,2,3,3,0,3,3,0,2
1,17,2,8014,0,1,0,1,37,34,0,0,0,1,0,0,1,0,0,0,0,0,2,2,2,1,0,0,2,1,2,1,0,0,2,1,2
1,39,1,8014,0,1,1,1,3,19,4,7,1,0,0,0,1,1,0,3,0,2,3,3,3,2,0,1,3,2,3,2,0,0,1,3,2
1,16,4,9254,1,1,1,1,38,37,9,7,1,1,0,0,1,0,1,2,0,0,2,1,2,3,0,0,2,1,2,2,0,0,1,3,2
1,17,2,9500,1,1,1,1,19,37,9,7,2,1,0,0,1,0,0,1,0,0,3,2,2,3,0,0,3,3,3,3,0,2,1,2,2
1,44,1,9003,1,39,3,1,1,38,4,4,3,1,0,0,1,1,1,1,0,0,2,2,2,3,0,0,2,2,2,2,0,2,0,2,2
1,1,1,9773,1,1,1,1,19,37,9,9,2,0,0,0,1,1,0,0,0,0,2,2,2,2,0,0,2,2,2,2,0,3,3,0,2
1,1,3,9070,1,1,0,1,43,3,123,123,0,1,0,1,1,1,0,0,0,0,3,1,3,1,0,0,3,2,3,3,0,0,1,3,2
1,17,1,9254,1,1,0,1,19,19,9,8,1,1,0,0,1,0,0,1,0,0,2,1,2,2,0,0,2,1,2,2,0,2,1,2,2
1,1,1,9254,1,1,0,1,1,1,191,193,0,0,0,0,1,1,0,1,0,0,2,2,2,2,0,0,2,1,2,2,0,0,1,3,2
1,17,4,9500,1,1,2,1,1,1,3,3,2,1,0,0,1,0,0,2,0,0,3,1,2,3,0,0,3,3,3,3,0,2,1,2,2
1,1,5,9500,1,1,1,1,19,1,9,5,1,1,0,0,1,0,1,0,0,0,3,2,3,1,0,0,3,3,3,2,0,2,1,2,2
1,17,2,9500,1,1,1,1,38,19,5,7,1,1,0,0,1,0,1,0,0,0,3,2,3,3,0,0,3,2,3,3,0,1,1,2,2
