LowerBodyO2,DuctFlow,XrayReport,HypoxiaInO2,LungParench,Sick,CardiacMixing,CO2Report,HypDistrib,Disease,RUQO2,CO2,LungFlow,Age,GruntingReport,ChestXray,LVH,BirthAsphyxia,Grunting,LVHreport
<5,Lt_to_Rt,Normal,Mild,Normal,yes,None,<7.5,Equal,PFC,12+,Normal,Normal,0-3_days,yes,Normal,no,yes,yes,no
5-12,Lt_to_Rt,Oligaemic,Moderate,Normal,yes,Complete,<7.5,Equal,PAIVS,5-12,Normal,Low,0-3_days,yes,Oligaemic,yes,no,yes,yes
12+,Lt_to_Rt,Normal,Mild,Normal,yes,None,<7.5,Equal,PFC,12+,Normal,Normal,0-3_days,yes,Normal,no,yes,yes,no
5-12,Rt_to_Lt,Normal,Mild,Normal,yes,None,<7.5,Unequal,PFC,12+,Normal,Normal,0-3_days,no,Normal,no,yes,no,no
5-12,Lt_to_Rt,Oligaemic,Moderate,Normal,no,Complete,<7.5,Equal,Fallot,<5,Normal,Low,4-10_days,no,Oligaemic,no,no,no,no
5-12,Lt_to_Rt,Oligaemic,Moderate,Normal,no,Complete,<7.5,Equal,Fallot,5-12,Normal,Low,4-10_days,no,Oligaemic,no,no,no,no
<5,Lt_to_Rt,Oligaemic,Moderate,Normal,no,Complete,<7.5,Equal,Fallot,<5,Normal,Low,11-30_days,no,Oligaemic,no,no,no,no
<5,Lt_to_Rt,Oligaemic,Moderate,Normal,no,Complete,<7.5,Equal,Fallot,5-12,Normal,Low,11-30_days,no,Oligaemic,no,no,no,no
5-12,Lt_to_Rt,Oligaemic,Moderate,Normal,no,Complete,<7.5,Equal,PAIVS,5-12,Normal,Low,4-10_days,no,Oligaemic,yes,no,no,yes
12+,Lt_to_Rt,Normal,Mild,Normal,yes,None,<7.5,Equal,PFC,12+,Normal,Normal,0-3_days,yes,Normal,no,yes,yes,no
<5,Lt_to_Rt,Plethoric,Moderate,Normal,no,Transp.,<7.5,Equal,TGA,<5,Normal,High,0-3_days,no,Plethoric,no,yes,no,no
5-12,Lt_to_Rt,Oligaemic,Moderate,Normal,no,Complete,<7.5,Equal,Fallot,5-12,Normal,Low,4-10_days,no,Oligaemic,no,no,no,no
5-12,Lt_to_Rt,Plethoric,Moderate,Abnormal,no,Complete,>=7.5,Equal,Fallot,5-12,High,Low,4-10_days,no,Asy/Patch,no,no,no,no
12+,Lt_to_Rt,Oligaemic,Mild,Normal,yes,None,<7.5,Equal,PFC,12+,Normal,Low,0-3_days,yes,Oligaemic,no,yes,yes,no
5-12,Lt_to_Rt,Oligaemic,Moderate,Normal,no,Complete,<7.5,Equal,PAIVS,5-12,Normal,Low,4-10_days,no,Oligaemic,yes,no,no,yes
5-12,Lt_to_Rt,Oligaemic,Moderate,Normal,yes,Mild,<7.5,Equal,PFC,<5,Normal,Low,0-3_days,no,Oligaemic,yes,yes,no,yes
5-12,Rt_to_Lt,Normal,Mild,Normal,yes,None,<7.5,Unequal,PFC,12+,Normal,Normal,0-3_days,yes,Normal,yes,yes,yes,yes
5-12,Lt_to_Rt,Oligaemic,Moderate,Normal,no,Complete,<7.5,Equal,Fallot,5-12,Normal,Low,4-10_days,no,Oligaemic,no,no,no,no
5-12,Lt_to_Rt,Oligaemic,Moderate,Normal,yes,Complete,<7.5,Equal,PAIVS,<5,Normal,Low,4-10_days,yes,Oligaemic,yes,no,yes,yes
5-12,Rt_to_Lt,Normal,Mild,Normal,yes,None,<7.5,Unequal,PFC,12+,Normal,Normal,0-3_days,yes,Normal,yes,yes,yes,yes
5-12,Rt_to_Lt,Normal,Mild,Normal,yes,None,<7.5,Unequal,PFC,12+,Normal,Normal,0-3_days,yes,Normal,no,yes,yes,no
<5,Lt_to_Rt,Normal,Mild,Normal,yes,None,<7.5,Equal,PFC,12+,Normal,Normal,0-3_days,yes,Normal,no,yes,yes,no
<5,Lt_to_Rt,Oligaemic,Moderate,Normal,no,Complete,<7.5,Equal,Fallot,<5,Normal,Low,4-10_days,no,Oligaemic,no,no,no,no
5-12,Rt_to_Lt,Normal,Mild,Normal,yes,None,<7.5,Unequal,PFC,<5,Normal,Normal,0-3_days,yes,Normal,no,yes,yes,no
5-12,Lt_to_Rt,Oligaemic,Moderate,Normal,no,Complete,<7.5,Equal,PAIVS,5-12,Normal,Low,4-10_days,no,Oligaemic,yes,no,no,yes
5-12,None,Plethoric,Severe,Normal,yes,Transp.,<7.5,Equal,TGA,5-12,Normal,High,0-3_days,yes,Plethoric,no,no,yes,no
5-12,Rt_to_Lt,Normal,Mild,Normal,yes,None,<7.5,Unequal,PFC,12+,Normal,Normal,0-3_days,no,Normal,yes,yes,no,yes
<5,None,Normal,Severe,Normal,no,Transp.,<7.5,Equal,TGA,<5,Normal,Normal,0-3_days,no,Normal,no,no,no,no
12+,Lt_to_Rt,Normal,Mild,Normal,yes,None,<7.5,Equal,PFC,12+,Normal,Normal,0-3_days,yes,Normal,yes,yes,yes,yes
<5,Lt_to_Rt,Normal,Moderate,Normal,yes,Complete,<7.5,Equal,PFC,5-12,Normal,Normal,0-3_days,yes,Normal,no,yes,yes,no
5-12,Rt_to_Lt,Normal,Mild,Normal,yes,None,<7.5,Unequal,PFC,12+,Normal,Normal,0-3_days,no,Normal,no,yes,no,no
<5,Lt_to_Rt,Oligaemic,Moderate,Normal,no,Complete,<7.5,Equal,Fallot,5-12,Normal,Low,4-10_days,no,Oligaemic,no,no,no,no
5-12,Lt_to_Rt,Oligaemic,Moderate,Normal,no,Complete,<7.5,Equal,Fallot,<5,Normal,Low,11-30_days,no,Oligaemic,no,no,no,no
5-12,Lt_to_Rt,Oligaemic,Moderate,Normal,no,Complete,<7.5,Equal,Fallot,5-12,Normal,Low,4-10_days,no,Oligaemic,no,no,no,no
<5,Rt_to_Lt,Plethoric,Mild,Abnormal,yes,None,>=7.5,Unequal,PFC,12+,High,Normal,0-3_days,yes,Asy/Patch,yes,yes,yes,yes
5-12,Lt_to_Rt,Oligaemic,Moderate,Normal,yes,Complete,<7.5,Equal,Fallot,5-12,Normal,Low,0-3_days,yes,Oligaemic,no,no,yes,no
5-12,Rt_to_Lt,Normal,Mild,Normal,yes,None,<7.5,Unequal,PFC,<5,Normal,Normal,0-3_days,no,Normal,yes,yes,no,yes
5-12,Lt_to_Rt,Oligaemic,Moderate,Normal,no,Complete,<7.5,Equal,Fallot,<5,Normal,Low,4-10_days,no,Oligaemic,no,no,no,no
5-12,Lt_to_Rt,Oligaemic,Moderate,Normal,no,Complete,<7.5,Equal,Fallot,5-12,Normal,Low,4-10_days,no,Oligaemic,no,yes,no,no
<5,Lt_to_Rt,Oligaemic,Moderate,Normal,no,Complete,<7.5,Equal,Fallot,5-12,Normal,Low,4-10_days,no,Oligaemic,no,no,no,no
5-12,Rt_to_Lt,Normal,Mild,Normal,yes,None,<7.5,Unequal,PFC,12+,Normal,Normal,0-3_days,yes,Normal,no,yes,yes,no
5-12,Lt_to_Rt,Oligaemic,Moderate,Normal,no,Complete,<7.5,Equal,Fallot,<5,Normal,Low,11-30_days,no,Oligaemic,no,no,no,no
5-12,Rt_to_Lt,Oligaemic,Mild,Normal,yes,None,<7.5,Unequal,PFC,12+,Normal,Low,0-3_days,yes,Oligaemic,yes,yes,yes,yes
<5,Lt_to_Rt,Oligaemic,Moderate,Normal,no,Complete,<7.5,Equal,PAIVS,<5,Normal,Low,4-10_days,no,Oligaemic,yes,no,no,yes
5-12,Lt_to_Rt,Oligaemic,Moderate,Normal,no,Complete,<7.5,Equal,PAIVS,5-12,Normal,Low,4-10_days,no,Oligaemic,yes,no,no,yes
5-12,Lt_to_Rt,Oligaemic,Moderate,Normal,yes,Complete,<7.5,Equal,PAIVS,<5,Normal,Low,0-3_days,yes,Oligaemic,yes,no,yes,yes
5-12,Rt_to_Lt,Oligaemic,Mild,Normal,yes,None,<7.5,Unequal,PFC,12+,Normal,Low,0-3_days,yes,Oligaemic,no,yes,yes,no
5-12,None,Plethoric,Moderate,Normal,no,Transp.,<7.5,Equal,TGA,5-12,Normal,High,0-3_days,no,Plethoric,no,no,no,no
5-12,Rt_to_Lt,Normal,Mild,Normal,yes,None,<7.5,Unequal,PFC,12+,Normal,Normal,0-3_days,yes,Normal,yes,yes,yes,yes
<5,Rt_to_Lt,Oligaemic,Mild,Normal,yes,None,<7.5,Unequal,PFC,12+,Normal,Low,0-3_days,yes,Oligaemic,yes,yes,yes,yes
<5,Lt_to_Rt,Oligaemic,Moderate,Normal,no,Complete,<7.5,Equal,Fallot,5-12,Normal,Low,4-10_days,no,Oligaemic,no,no,no,no
12+,Lt_to_Rt,Normal,Mild,Normal,no,None,<7.5,Equal,PFC,<5,Normal,Normal,0-3_days,no,Normal,yes,yes,no,yes
<5,Rt_to_Lt,Normal,Mild,Normal,yes,None,<7.5,Unequal,PFC,12+,Normal,Normal,0-3_days,yes,Normal,no,yes,yes,no
5-12,Lt_to_Rt,Oligaemic,Moderate,Normal,yes,Complete,<7.5,Equal,PAIVS,5-12,Normal,Low,4-10_days,no,Oligaemic,yes,no,no,yes
5-12,Rt_to_Lt,Oligaemic,Mild,Normal,yes,None,<7.5,Unequal,PFC,<5,Normal,Low,0-3_days,no,Oligaemic,no,yes,no,no
12+,Lt_to_Rt,Normal,Mild,Normal,yes,None,<7.5,Equal,PFC,12+,Normal,Normal,0-3_days,yes,Normal,no,yes,yes,no
<5,Rt_to_Lt,Oligaemic,Mild,Normal,yes,None,<7.5,Unequal,PFC,12+,Normal,Low,0-3_days,yes,Oligaemic,yes,yes,yes,yes
5-12,Lt_to_Rt,Oligaemic,Moderate,Normal,no,Complete,<7.5,Equal,Fallot,<5,Normal,Low,4-10_days,no,Oligaemic,no,no,no,no
5-12,None,Plethoric,Severe,Normal,no,Transp.,<7.5,Equal,TGA,<5,Normal,High,0-3_days,no,Plethoric,no,no,no,no
5-12,Lt_to_Rt,Oligaemic,Moderate,Normal,no,Complete,<7.5,Equal,PAIVS,5-12,Normal,Low,4-10_days,no,Oligaemic,yes,no,no,yes
<5,Rt_to_Lt,Normal,Mild,Normal,yes,None,<7.5,Unequal,PFC,12+,Normal,Normal,0-3_days,yes,Normal,no,yes,yes,no
<5,Lt_to_Rt,Oligaemic,Moderate,Normal,no,Complete,<7.5,Equal,Fallot,5-12,Normal,Low,11-30_days,no,Oligaemic,no,no,no,no
<5,Lt_to_Rt,Oligaemic,Moderate,Normal,yes,Complete,<7.5,Equal,PAIVS,5-12,Normal,Low,0-3_days,yes,Oligaemic,yes,no,yes,yes
<5,Rt_to_Lt,Normal,Mild,Normal,yes,None,<7.5,Unequal,PFC,<5,Normal,Normal,0-3_days,yes,Normal,no,yes,yes,no
5-12,Lt_to_Rt,Oligaemic,Moderate,Normal,no,Complete,<7.5,Equal,Fallot,5-12,Normal,Low,11-30_days,no,Oligaemic,no,no,no,no
<5,Lt_to_Rt,Normal,Moderate,Normal,yes,Mild,<7.5,Equal,PFC,<5,Normal,Normal,0-3_days,yes,Normal,no,yes,yes,no
12+,Lt_to_Rt,Oligaemic,Mild,Normal,yes,None,<7.5,Equal,PFC,<5,Normal,Low,0-3_days,yes,Oligaemic,no,yes,yes,no
5-12,Rt_to_Lt,Normal,Mild,Normal,yes,None,<7.5,Unequal,PFC,12+,Normal,Normal,0-3_days,yes,Normal,no,yes,yes,no
5-12,Rt_to_Lt,Normal,Mild,Normal,yes,None,<7.5,Unequal,PFC,<5,Normal,Normal,0-3_days,yes,Normal,no,yes,yes,no
5-12,Rt_to_Lt,Oligaemic,Mild,Normal,yes,None,<7.5,Unequal,PFC,12+,Normal,Low,0-3_days,no,Oligaemic,no,yes,no,no
12+,Lt_to_Rt,Normal,Mild,Normal,yes,None,<7.5,Equal,PFC,12+,Normal,Normal,0-3_days,yes,Normal,yes,yes,yes,yes
12+,Lt_to_Rt,Normal,Mild,Normal,yes,None,<7.5,Equal,PFC,12+,Normal,Normal,0-3_days,no,Normal,yes,yes,no,yes
5-12,Rt_to_Lt,Normal,Mild,Normal,no,None,<7.5,Unequal,PFC,<5,Normal,Normal,0-3_days,no,Normal,no,yes,no,no
<5,None,Plethoric,Severe,Normal,no,Transp.,<7.5,Equal,TGA,5-12,Normal,High,4-10_days,no,Plethoric,no,no,no,no
5-12,Lt_to_Rt,Oligaemic,Moderate,Normal,yes,Complete,<7.5,Equal,PAIVS,<5,Normal,Low,0-3_days,no,Oligaemic,yes,yes,no,yes
<5,Lt_to_Rt,Normal,Mild,Normal,yes,None,<7.5,Equal,PFC,<5,Normal,Normal,0-3_days,yes,Normal,no,yes,yes,no
5-12,Lt_to_Rt,Oligaemic,Moderate,Normal,yes,Complete,<7.5,Equal,Fallot,<5,Normal,Low,0-3_days,yes,Oligaemic,no,no,yes,no
<5,Lt_to_Rt,Oligaemic,Moderate,Normal,no,Complete,<7.5,Equal,Fallot,5-12,Normal,Low,4-10_days,no,Oligaemic,no,no,no,no
5-12,Lt_to_Rt,Oligaemic,Moderate,Normal,no,Complete,<7.5,Equal,Fallot,5-12,Normal,Low,4-10_days,no,Oligaemic,no,no,no,no
5-12,Rt_to_Lt,Normal,Mild,Normal,yes,None,<7.5,Unequal,PFC,12+,Normal,Normal,0-3_days,yes,Normal,yes,yes,yes,yes
<5,Lt_to_Rt,Oligaemic,Moderate,Normal,no,Complete,<7.5,Equal,Fallot,5-12,Normal,Low,4-10_days,no,Oligaemic,no,no,no,no
12+,Lt_to_Rt,Plethoric,Mild,Abnormal,yes,None,>=7.5,Equal,PFC,<5,High,Normal,0-3_days,yes,Asy/Patch,no,yes,yes,no
5-12,Lt_to_Rt,Oligaemic,Moderate,Normal,no,Complete,<7.5,Equal,Fallot,5-12,Normal,Low,11-30_days,no,Oligaemic,no,no,no,no
5-12,Lt_to_Rt,Oligaemic,Moderate,Normal,no,Complete,<7.5,Equal,PAIVS,5-12,Normal,Low,4-10_days,no,Oligaemic,yes,yes,no,yes
12+,Lt_to_Rt,Normal,Mild,Normal,yes,None,<7.5,Equal,PFC,12+,Normal,Normal,0-3_days,yes,Normal,yes,yes,yes,yes
5-12,None,Plethoric,Severe,Normal,no,Transp.,<7.5,Equal,TGA,5-12,Normal,High,0-3_days,no,Plethoric,no,no,no,no
5-12,Lt_to_Rt,Oligaemic,Moderate,Normal,yes,Complete,<7.5,Equal,PAIVS,5-12,Normal,Low,0-3_days,yes,Oligaemic,yes,yes,yes,yes
5-12,Lt_to_Rt,Oligaemic,Moderate,Normal,yes,Complete,<7.5,Equal,PAIVS,<5,Normal,Low,0-3_days,no,Oligaemic,yes,no,no,yes
5-12,Lt_to_Rt,Oligaemic,Moderate,Normal,no,Complete,<7.5,Equal,PAIVS,5-12,Normal,Low,4-10_days,no,Oligaemic,yes,no,no,yes
5-12,Lt_to_Rt,Oligaemic,Moderate,Normal,no,Complete,<7.5,Equal,Fallot,5-12,Normal,Low,11-30_days,no,Oligaemic,no,no,no,no
5-12,Lt_to_Rt,Oligaemic,Moderate,Normal,no,Complete,<7.5,Equal,Fallot,<5,Normal,Low,4-10_days,no,Oligaemic,no,no,no,no
<5,Lt_to_Rt,Oligaemic,Moderate,Normal,no,Complete,<7.5,Equal,Fallot,5-12,Normal,Low,11-30_days,no,Oligaemic,no,no,no,no
5-12,Lt_to_Rt,Oligaemic,Moderate,Normal,no,Complete,<7.5,Equal,Fallot,5-12,Normal,Low,4-10_days,no,Oligaemic,no,no,no,no
5-12,Rt_to_Lt,Normal,Mild,Normal,yes,None,<7.5,Unequal,PFC,12+,Normal,Normal,0-3_days,no,Normal,yes,yes,no,yes
<5,Lt_to_Rt,Oligaemic,Moderate,Normal,yes,Complete,<7.5,Equal,PAIVS,5-12,Normal,Low,4-10_days,yes,Oligaemic,yes,yes,yes,yes
5-12,Lt_to_Rt,Oligaemic,Moderate,Normal,no,Complete,<7.5,Equal,Fallot,5-12,Normal,Low,4-10_days,no,Oligaemic,no,no,no,no
5-12,Lt_to_Rt,Oligaemic,Moderate,Normal,no,Complete,<7.5,Equal,PAIVS,<5,Normal,Low,4-10_days,no,Oligaemic,yes,yes,no,yes
12+,Lt_to_Rt,Normal,Mild,Normal,yes,None,<7.5,Equal,PFC,<5,Normal,Normal,0-3_days,yes,Normal,no,yes,yes,no
12+,Lt_to_Rt,Normal,Mild,Normal,yes,None,<7.5,Equal,PFC,12+,Normal,Normal,0-3_days,no,Normal,yes,yes,no,yes
12+,Lt_to_Rt,Normal,Mild,Normal,yes,None,<7.5,Equal,PFC,<5,Normal,Normal,0-3_days,yes,Normal,no,yes,yes,no
<5,Lt_to_Rt,Oligaemic,Mild,Normal,yes,None,<7.5,Equal,PFC,<5,Normal,Low,0-3_days,no,Oligaemic,no,yes,no,no
<5,Lt_to_Rt,Normal,Mild,Normal,yes,None,<7.5,Equal,PFC,<5,Normal,Normal,0-3_days,yes,Normal,yes,yes,yes,yes
5-12,Lt_to_Rt,Oligaemic,Moderate,Normal,yes,Complete,<7.5,Equal,Fallot,<5,Normal,Low,0-3_days,yes,Oligaemic,no,no,yes,no
5-12,Lt_to_Rt,Oligaemic,Moderate,Normal,no,Complete,<7.5,Equal,Fallot,<5,Normal,Low,11-30_days,no,Oligaemic,no,no,no,no
5-12,Lt_to_Rt,Oligaemic,Moderate,Normal,no,Complete,<7.5,Equal,Fallot,5-12,Normal,Low,4-10_days,no,Oligaemic,no,no,no,no
5-12,Lt_to_Rt,Oligaemic,Moderate,Normal,yes,Complete,<7.5,Equal,Fallot,5-12,Normal,Low,0-3_days,no,Oligaemic,no,no,no,no
12+,Lt_to_Rt,Normal,Mild,Normal,yes,None,<7.5,Equal,PFC,<5,Normal,Normal,0-3_days,yes,Normal,yes,yes,yes,yes
<5,Rt_to_Lt,Oligaemic,Mild,Normal,yes,None,<7.5,Unequal,PFC,12+,Normal,Low,0-3_days,yes,Oligaemic,no,yes,yes,no
<5,Lt_to_Rt,Oligaemic,Mild,Normal,yes,None,<7.5,Equal,PFC,12+,Normal,Low,0-3_days,no,Oligaemic,yes,yes,no,yes
<5,None,Plethoric,Severe,Normal,no,Transp.,<7.5,Equal,TGA,5-12,Normal,High,0-3_days,no,Plethoric,no,no,no,no
<5,Lt_to_Rt,Oligaemic,Moderate,Normal,yes,Complete,<7.5,Equal,PAIVS,5-12,Normal,Low,4-10_days,yes,Oligaemic,yes,no,yes,yes
5-12,Lt_to_Rt,Oligaemic,Moderate,Normal,no,Complete,<7.5,Equal,Fallot,5-12,Normal,Low,11-30_days,no,Oligaemic,no,no,no,no
<5,Lt_to_Rt,Oligaemic,Moderate,Normal,yes,Complete,<7.5,Equal,PAIVS,5-12,Normal,Low,0-3_days,yes,Oligaemic,yes,no,yes,yes
<5,Lt_to_Rt,Oligaemic,Moderate,Normal,no,Complete,<7.5,Equal,PAIVS,<5,Normal,Low,4-10_days,no,Oligaemic,yes,no,no,yes
5-12,Lt_to_Rt,Oligaemic,Moderate,Normal,no,Complete,<7.5,Equal,PAIVS,<5,Normal,Low,4-10_days,no,Oligaemic,yes,no,no,yes
5-12,Rt_to_Lt,Normal,Moderate,Normal,yes,Mild,<7.5,Unequal,PFC,<5,Normal,Normal,0-3_days,yes,Normal,yes,yes,yes,yes
<5,None,Plethoric,Severe,Normal,no,Transp.,<7.5,Equal,TGA,5-12,Normal,High,0-3_days,no,Plethoric,no,no,no,no
<5,Lt_to_Rt,Oligaemic,Moderate,Normal,no,Complete,<7.5,Equal,PAIVS,5-12,Normal,Low,4-10_days,no,Oligaemic,yes,yes,no,yes
<5,Lt_to_Rt,Oligaemic,Moderate,Normal,no,Complete,<7.5,Equal,Fallot,5-12,Normal,Low,11-30_days,no,Oligaemic,no,yes,no,no
<5,Lt_to_Rt,Oligaemic,Moderate,Normal,yes,Complete,<7.5,Equal,PAIVS,5-12,Normal,Low,4-10_days,yes,Oligaemic,yes,no,yes,yes
<5,Lt_to_Rt,Normal,Mild,Normal,yes,None,<7.5,Equal,PFC,12+,Normal,Normal,0-3_days,yes,Normal,no,yes,yes,no
<5,Lt_to_Rt,Oligaemic,Moderate,Normal,no,Complete,<7.5,Equal,PAIVS,5-12,Normal,Low,0-3_days,no,Oligaemic,yes,yes,no,yes
5-12,Rt_to_Lt,Normal,Mild,Normal,yes,None,<7.5,Unequal,PFC,12+,Normal,Normal,0-3_days,yes,Normal,no,yes,yes,no
<5,Rt_to_Lt,Normal,Mild,Normal,yes,None,<7.5,Unequal,PFC,<5,Normal,Normal,0-3_days,yes,Normal,yes,yes,yes,yes
<5,Lt_to_Rt,Oligaemic,Moderate,Normal,no,Complete,<7.5,Equal,Fallot,5-12,Normal,Low,4-10_days,no,Oligaemic,no,no,no,no
5-12,Rt_to_Lt,Oligaemic,Mild,Normal,yes,None,<7.5,Unequal,PFC,<5,Normal,Low,0-3_days,yes,Oligaemic,no,yes,yes,no
5-12,Rt_to_Lt,Normal,Mild,Normal,yes,None,<7.5,Unequal,PFC,12+,Normal,Normal,0-3_days,yes,Normal,yes,yes,yes,yes
5-12,Rt_to_Lt,Normal,Mild,Normal,yes,None,<7.5,Unequal,PFC,<5,Normal,Normal,0-3_days,yes,Normal,no,yes,yes,no
12+,Lt_to_Rt,Normal,Mild,Normal,yes,None,<7.5,Equal,PFC,12+,Normal,Normal,0-3_days,no,Normal,no,yes,no,no
5-12,Lt_to_Rt,Oligaemic,Moderate,Normal,yes,Complete,<7.5,Equal,PAIVS,<5,Normal,Low,0-3_days,yes,Oligaemic,yes,no,yes,yes
12+,Lt_to_Rt,Oligaemic,Mild,Normal,yes,None,<7.5,Equal,PFC,<5,Normal,Low,0-3_days,yes,Oligaemic,yes,yes,yes,yes
5-12,Lt_to_Rt,Oligaemic,Moderate,Normal,no,Complete,<7.5,Equal,Fallot,5-12,Normal,Low,4-10_days,no,Oligaemic,no,no,no,no
12+,Lt_to_Rt,Oligaemic,Mild,Normal,yes,None,<7.5,Equal,PFC,12+,Normal,Low,0-3_days,no,Oligaemic,yes,yes,no,yes
5-12,Lt_to_Rt,Normal,Moderate,Normal,no,Complete,<7.5,Equal,Fallot,5-12,Normal,Normal,4-10_days,no,Normal,no,no,no,no
5-12,None,Plethoric,Severe,Normal,no,Transp.,<7.5,Equal,TGA,5-12,Normal,High,0-3_days,no,Plethoric,no,no,no,no
5-12,Lt_to_Rt,Oligaemic,Moderate,Normal,no,Complete,<7.5,Equal,Fallot,5-12,Normal,Low,11-30_days,no,Oligaemic,no,no,no,no
5-12,Rt_to_Lt,Normal,Mild,Normal,yes,None,<7.5,Unequal,PFC,12+,Normal,Normal,0-3_days,no,Normal,no,yes,no,no
5-12,Lt_to_Rt,Oligaemic,Moderate,Normal,no,Complete,<7.5,Equal,PAIVS,<5,Normal,Low,4-10_days,no,Oligaemic,yes,no,no,yes
<5,Rt_to_Lt,Normal,Mild,Normal,yes,None,<7.5,Unequal,PFC,12+,Normal,Normal,0-3_days,yes,Normal,yes,yes,yes,yes
<5,Lt_to_Rt,Oligaemic,Moderate,Normal,no,Complete,<7.5,Equal,Fallot,5-12,Normal,Low,11-30_days,no,Oligaemic,no,no,no,no
<5,Lt_to_Rt,Normal,Moderate,Normal,yes,Mild,<7.5,Equal,PFC,5-12,Normal,Normal,0-3_days,no,Normal,yes,yes,no,yes
<5,Lt_to_Rt,Oligaemic,Moderate,Normal,no,Complete,<7.5,Equal,Fallot,<5,Normal,Low,4-10_days,no,Oligaemic,no,no,no,no
<5,Lt_to_Rt,Oligaemic,Moderate,Normal,yes,Complete,<7.5,Equal,PAIVS,<5,Normal,Low,0-3_days,yes,Oligaemic,yes,yes,yes,yes
<5,Rt_to_Lt,Normal,Mild,Normal,yes,None,<7.5,Unequal,PFC,12+,Normal,Normal,0-3_days,no,Normal,no,yes,no,no
5-12,None,Normal,Severe,Normal,no,Transp.,<7.5,Equal,TGA,<5,Normal,Normal,0-3_days,no,Normal,no,yes,no,no
5-12,Rt_to_Lt,Oligaemic,Mild,Normal,yes,None,<7.5,Unequal,PFC,12+,Normal,Low,0-3_days,yes,Oligaemic,no,yes,yes,no
<5,Lt_to_Rt,Oligaemic,Moderate,Normal,no,Complete,<7.5,Equal,Fallot,5-12,Normal,Low,4-10_days,no,Oligaemic,no,no,no,no
5-12,Lt_to_Rt,Oligaemic,Moderate,Normal,yes,Complete,<7.5,Equal,PAIVS,<5,Normal,Low,4-10_days,yes,Oligaemic,yes,yes,yes,yes
<5,Lt_to_Rt,Oligaemic,Moderate,Normal,yes,Complete,<7.5,Equal,PAIVS,5-12,Normal,Low,4-10_days,no,Oligaemic,yes,no,no,yes
5-12,Lt_to_Rt,Oligaemic,Moderate,Normal,no,Complete,<7.5,Equal,Fallot,<5,Normal,Low,11-30_days,no,Oligaemic,no,no,no,no
