Unnamed: 0,Marital Status,Application mode,Application order,Course,Daytime/evening attendance,Previous qualification,Previous qualification (grade),Nacionality,Mother's qualification,Father's qualification,Mother's occupation,Father's occupation,Admission grade,Displaced,Educational special needs,Debtor,Tuition fees up to date,Gender,Scholarship holder,Age at enrollment,International,Curricular units 1st sem (credited),Curricular units 1st sem (enrolled),Curricular units 1st sem (evaluations),Curricular units 1st sem (approved),Curricular units 1st sem (grade),Curricular units 1st sem (without evaluations),Curricular units 2nd sem (credited),Curricular units 2nd sem (enrolled),Curricular units 2nd sem (evaluations),Curricular units 2nd sem (approved),Curricular units 2nd sem (grade),Curricular units 2nd sem (without evaluations),Unemployment rate,Inflation rate,GDP,Target
1553,1,1,2,9085,1,1,1,1,1,38,5,5,1,1,0,0,1,0,0,0,0,0,1,3,2,3,2,0,1,2,2,2,1,0,0,0,2
177,1,1,2,9500,1,1,0,1,34,34,90,90,0,1,0,0,1,0,0,1,0,0,3,2,1,1,0,0,3,2,1,1,0,0,2,1,0
3177,1,1,1,9670,1,1,1,1,38,38,9,9,2,1,0,0,1,1,1,0,0,0,2,1,3,2,0,0,2,1,3,2,0,2,0,2,0
1282,1,17,5,9254,1,1,0,1,1,19,4,7,0,1,0,0,0,1,0,0,0,0,2,3,0,0,0,0,2,0,0,0,0,0,0,0,0
494,1,1,1,9853,1,1,1,1,3,1,2,5,0,1,1,0,1,0,0,0,0,0,3,3,2,0,0,0,3,3,2,2,0,2,0,2,1
4323,1,39,1,9991,0,19,1,1,37,37,9,6,0,0,0,1,1,0,0,3,0,0,1,3,1,0,0,0,1,1,0,0,0,2,1,2,0
2269,2,39,1,9991,0,1,0,1,37,37,1,1,3,0,0,0,1,1,0,3,0,0,1,1,0,0,0,0,1,1,0,0,0,3,0,1,0
509,1,1,2,9147,1,1,0,1,1,19,4,6,0,0,1,0,1,0,0,2,0,0,1,1,0,0,0,0,1,1,0,0,0,3,3,0,0
474,1,39,1,9254,1,9,1,1,34,34,0,0,0,1,0,0,0,0,0,3,0,0,1,3,0,0,0,0,1,3,0,0,0,0,2,1,0
3636,1,1,1,9773,1,1,0,1,3,19,2,3,1,1,0,0,1,0,0,0,0,0,2,1,3,2,0,0,2,2,3,1,0,0,1,3,2
1608,1,17,1,9773,1,1,1,1,38,19,9,10,1,1,0,0,1,1,0,0,0,0,2,1,2,2,0,0,2,1,2,3,0,2,1,2,1
1834,1,17,1,9500,1,1,2,1,19,38,3,9,1,0,0,0,1,0,1,0,0,0,3,3,2,3,0,0,3,2,3,3,0,3,3,0,2
1256,1,17,1,9238,1,1,0,1,19,38,5,5,0,1,0,0,1,0,0,0,0,0,2,1,2,1,0,0,2,1,2,2,0,1,1,3,2
1394,1,17,5,9773,1,1,0,1,38,38,191,175,0,1,0,1,1,0,0,0,0,0,2,1,2,1,0,0,2,1,2,2,0,0,1,3,2
1121,1,1,3,9670,1,1,0,1,1,1,5,5,0,0,0,0,1,0,0,1,0,0,1,1,1,2,0,0,1,1,2,2,0,0,2,1,2
4246,2,43,1,9991,0,1,3,1,38,19,3,3,1,0,0,0,0,0,0,3,0,3,3,3,3,1,0,3,3,3,3,1,0,1,1,2,0
1332,1,1,1,9130,1,1,3,1,3,1,1,3,3,0,0,0,0,0,0,2,0,0,1,2,0,0,3,1,1,3,1,1,3,1,1,2,0
447,1,1,2,9500,1,1,2,1,1,19,7,7,2,1,0,0,1,0,0,0,0,0,3,2,3,2,0,0,3,2,3,3,0,3,3,0,0
41,1,1,2,9147,1,1,1,1,3,19,2,7,1,1,0,0,1,0,0,2,0,0,1,1,1,3,0,0,1,1,1,3,0,0,1,3,2
3472,4,39,1,8014,0,19,1,1,37,37,9,9,0,0,0,1,0,0,0,3,0,0,2,3,0,0,0,0,1,1,0,0,0,0,1,3,0
3620,1,15,1,9085,1,1,1,41,37,37,9,9,0,0,0,0,1,0,0,0,1,0,2,3,1,1,0,0,2,3,2,1,0,1,1,3,0
4117,1,1,1,9500,1,1,3,1,1,37,9,9,2,0,0,0,1,0,0,0,0,0,3,2,3,3,0,0,3,2,3,3,0,2,3,0,2
4265,1,17,5,9773,1,1,2,1,1,19,9,5,1,1,0,0,1,1,0,0,0,0,3,1,3,2,0,0,3,2,3,2,0,3,0,1,2
3046,1,1,1,9085,1,1,3,1,1,1,9,7,1,0,0,0,1,0,0,0,0,0,1,1,1,2,0,0,1,1,1,0,0,0,2,1,1
3105,2,39,1,9085,1,1,0,1,19,19,1,4,2,0,0,0,1,0,0,3,0,0,1,2,2,3,3,0,1,1,2,3,0,0,0,0,0
1471,1,44,1,9003,1,39,1,1,3,3,7,1,2,1,0,0,1,1,0,1,0,0,2,3,1,1,0,0,2,3,2,1,0,3,3,0,1
1266,1,1,1,9670,1,1,0,1,38,38,9,10,0,0,0,0,1,0,0,1,0,0,2,2,2,2,0,0,2,3,2,3,0,1,1,3,2
2159,1,17,4,9254,1,1,1,1,37,37,5,8,2,1,0,0,1,0,1,0,0,0,2,3,1,0,0,0,2,3,1,0,0,0,2,1,0
1153,1,1,1,9500,1,1,2,1,38,1,9,4,2,1,0,0,1,0,0,0,0,0,3,3,1,2,0,0,3,1,2,3,0,3,0,1,1
1572,6,39,1,9991,0,12,1,1,37,37,90,90,1,1,0,0,0,1,0,3,0,0,1,1,0,0,0,0,1,1,0,0,0,0,2,1,0
3474,1,1,5,9119,1,1,1,1,38,19,5,3,1,0,0,0,1,0,0,0,0,0,1,3,0,0,0,0,1,2,0,0,0,0,0,0,0
1091,1,17,3,9773,1,1,1,1,19,19,5,8,1,0,0,0,1,0,0,0,0,0,2,1,0,0,0,0,2,0,0,0,0,0,1,3,0
384,1,53,1,9147,1,42,2,1,3,4,2,1,3,0,0,0,1,0,0,1,0,2,3,3,3,2,0,2,3,3,3,1,0,0,1,3,2
529,1,1,1,9130,1,1,3,1,3,3,2,2,3,1,0,1,1,1,0,0,0,0,1,3,1,3,0,0,1,2,1,1,0,3,0,1,0
3682,1,39,1,9991,0,1,0,1,37,37,9,9,1,0,0,0,0,1,0,3,0,0,1,1,0,0,0,0,1,1,0,0,0,2,3,0,0
3671,1,17,1,9085,1,1,3,14,37,37,9,9,3,1,0,0,1,0,0,0,1,0,2,3,3,3,0,0,2,2,3,3,0,3,3,0,2
824,1,18,4,9773,1,1,0,1,1,1,9,9,0,1,0,0,1,0,1,2,0,0,2,1,2,2,0,0,2,1,2,1,0,1,1,3,2
2609,2,43,1,9991,0,1,1,1,37,37,9,9,2,0,0,0,1,0,0,3,0,2,3,2,1,0,0,1,3,1,1,0,0,0,0,0,0
1863,1,17,1,9070,1,1,1,1,37,38,9,5,2,1,0,0,1,1,0,0,0,0,2,1,2,1,0,0,2,1,2,2,0,0,2,1,2
490,1,1,1,9070,1,1,0,1,19,1,3,8,1,0,0,0,1,0,0,2,0,1,1,2,2,2,1,0,1,2,2,1,0,2,0,2,2
587,1,17,1,9773,1,1,0,1,38,38,9,8,1,1,0,0,1,0,1,0,0,0,1,1,2,2,0,0,1,1,2,2,0,3,3,0,2
4356,1,39,1,9085,1,19,1,1,37,37,4,8,3,0,0,0,1,0,0,3,0,0,3,3,1,2,0,0,3,2,0,0,0,1,1,3,0
2432,1,1,3,9773,1,1,3,1,38,38,9,7,2,1,0,0,1,1,1,0,0,0,2,1,2,2,0,0,2,1,2,2,0,1,1,2,0
2766,1,7,1,9500,1,3,1,1,37,37,7,7,2,1,0,0,1,0,0,3,0,0,3,2,3,3,0,0,3,2,3,3,0,2,3,0,2
1803,1,43,2,9670,1,1,1,1,19,1,4,4,2,1,0,0,1,1,0,2,0,2,2,1,2,1,0,0,2,3,1,1,0,1,1,2,0
3068,1,39,1,9556,1,1,2,1,37,37,9,8,0,1,0,0,1,0,1,3,0,0,3,3,3,2,0,0,3,3,2,2,0,0,1,3,2
3154,1,1,5,9500,1,1,0,1,1,1,3,8,0,1,0,0,1,0,0,0,0,0,3,2,3,1,0,0,3,2,3,1,0,3,0,1,1
4353,1,1,1,171,1,1,3,1,3,1,4,4,3,1,0,0,1,0,0,0,0,0,0,0,0,0,0,0,0,0,0,0,0,2,1,2,2
2578,1,17,4,9500,1,1,3,1,19,37,5,8,3,1,0,0,1,0,0,0,0,0,3,1,2,3,0,0,3,1,2,3,0,0,2,1,2
871,2,39,1,9119,1,1,0,1,34,34,0,0,3,1,0,0,1,1,0,3,0,0,1,3,1,3,0,0,1,2,1,2,0,0,0,0,0
254,1,17,1,9147,1,1,2,1,1,1,4,4,1,0,0,0,1,0,0,0,0,0,1,2,1,2,0,0,1,1,1,1,0,0,1,3,2
172,1,17,1,9500,1,1,1,1,2,38,4,5,2,1,0,0,1,0,0,0,0,0,3,1,2,1,0,0,3,1,2,1,0,0,2,1,2
4354,4,39,1,9991,0,1,3,1,37,38,9,9,3,0,0,0,1,0,0,3,0,0,1,3,1,0,0,0,1,3,1,2,0,2,1,2,1
61,1,44,1,9238,1,39,1,1,19,1,9,9,2,0,0,0,1,0,1,2,0,1,1,1,2,1,0,1,1,1,2,1,0,2,0,2,2
3685,1,43,1,9003,1,1,0,1,1,1,4,10,2,0,0,0,1,1,0,2,0,0,2,2,3,3,0,0,2,3,3,3,0,3,3,0,0
2536,1,43,1,9130,1,1,0,41,3,4,3,2,0,0,0,0,1,0,0,0,1,0,1,3,2,3,3,0,1,1,2,3,0,0,0,0,1
2164,1,1,2,9773,1,1,3,1,1,1,3,3,3,1,0,0,1,0,0,0,0,0,2,1,2,3,0,0,2,1,2,3,0,2,3,0,2
3083,1,1,1,9130,1,1,0,1,3,19,2,9,0,1,0,1,0,0,0,0,0,0,2,0,0,0,0,0,2,0,0,0,0,1,1,3,0
4012,2,39,2,9670,1,1,1,41,37,19,9,9,2,0,0,0,1,0,0,3,1,0,2,0,0,0,0,0,2,0,0,0,0,0,0,0,0
1456,1,1,1,9147,1,1,0,1,1,19,4,5,0,0,0,0,1,1,0,1,0,0,1,2,2,1,0,0,1,2,1,2,0,0,1,3,1
3337,1,43,1,9670,1,1,3,1,34,34,99,99,0,0,0,0,0,1,0,3,0,2,3,3,3,1,0,2,3,2,1,2,0,0,2,1,0
684,4,39,1,9003,1,19,1,1,37,37,9,9,0,0,0,0,1,1,0,3,0,2,3,3,3,1,0,2,3,3,3,1,0,3,3,0,2
2253,1,39,1,9119,1,12,1,1,34,34,0,0,0,0,0,0,0,1,0,3,0,0,1,1,0,0,0,0,1,1,0,0,0,1,1,2,0
3209,1,18,2,9070,1,1,0,1,38,19,5,5,1,0,0,0,1,1,0,0,0,0,2,2,2,0,0,0,2,1,1,0,0,0,0,0,2
2851,1,1,3,9773,1,1,1,1,1,37,4,5,1,1,0,1,1,0,0,0,0,0,2,1,2,3,0,0,2,1,2,3,0,0,1,3,2
44,1,39,1,9991,0,1,1,1,37,37,9,9,0,0,0,0,1,0,0,3,0,0,1,0,0,0,0,0,1,0,0,0,0,3,0,1,0
4351,1,1,3,9070,1,1,3,1,1,1,4,8,2,1,0,0,1,0,0,1,0,0,3,1,3,2,0,0,3,1,3,2,0,0,2,1,2
4339,1,42,1,9500,1,1,0,1,3,37,2,6,2,1,0,0,1,0,0,2,0,0,3,3,3,2,2,0,3,3,3,2,2,0,2,1,2
120,1,17,1,9254,1,1,1,1,1,1,4,5,2,1,0,0,1,0,0,2,0,0,1,3,1,0,0,0,1,3,1,1,0,0,0,0,0
4268,1,1,2,9991,0,1,3,1,5,1,4,4,2,0,0,0,1,1,0,0,0,0,1,3,1,0,0,0,1,2,1,2,0,3,3,0,0
181,1,44,1,9991,0,39,2,1,37,19,9,8,3,0,0,0,1,0,1,3,0,1,1,1,2,2,0,1,1,1,2,2,1,0,0,0,1
3251,1,17,4,9147,1,1,0,1,38,37,6,7,0,1,0,0,1,0,1,0,0,0,1,3,1,0,0,0,1,2,1,1,0,2,0,2,2
1944,1,1,2,9773,1,1,0,1,1,19,4,7,2,1,0,0,1,0,1,0,0,0,2,1,2,3,0,0,2,1,2,2,0,2,0,2,0
3585,1,39,1,33,1,1,1,1,19,37,9,9,0,0,0,0,1,1,0,2,0,0,3,3,1,3,0,0,3,3,1,1,0,2,1,2,0
911,1,1,1,9085,1,1,1,1,19,1,5,4,3,1,0,0,1,0,0,1,0,0,1,1,1,2,0,0,1,1,1,3,0,1,1,2,2
3940,2,39,1,9147,1,1,0,1,37,37,5,5,1,0,0,0,1,0,0,3,0,0,1,2,1,0,0,0,1,3,1,3,0,1,1,2,1
342,2,39,1,8014,0,1,0,1,37,37,9,9,0,1,0,0,1,0,0,3,0,0,1,1,2,2,0,0,1,2,2,2,0,2,1,2,2
1223,2,39,1,8014,0,19,0,1,1,19,1,5,2,0,0,1,1,0,1,3,0,0,2,2,1,3,0,0,2,1,2,2,0,0,0,0,2
1876,1,39,1,9556,1,19,1,1,42,1,3,7,0,0,0,0,1,1,0,3,0,0,3,3,0,0,0,0,3,3,0,0,1,1,1,3,0
1810,1,39,1,9254,1,1,1,1,37,37,9,9,2,0,0,0,1,1,0,3,0,0,2,1,2,2,0,0,2,1,2,2,0,0,2,1,2
20,1,1,3,171,1,1,0,1,1,1,9,8,1,0,0,0,1,0,1,2,0,0,0,0,0,0,0,0,0,0,0,0,0,1,1,3,2
2104,1,1,1,9238,1,1,2,1,19,38,9,9,1,0,1,0,1,0,1,1,0,0,2,2,2,1,0,0,2,1,2,3,0,3,0,1,2
2775,1,1,4,9500,1,1,3,1,38,37,9,5,2,1,0,0,1,0,0,0,0,0,3,2,3,3,0,0,3,2,3,3,0,1,1,2,2
3871,1,1,1,9147,1,1,0,1,38,38,9,9,0,0,0,0,1,1,1,1,0,0,1,2,2,2,0,0,1,2,2,1,0,2,0,2,2
3198,1,7,1,9254,1,3,0,1,19,19,3,3,0,0,0,0,1,1,0,3,0,0,2,2,0,0,0,0,2,1,0,0,0,3,0,1,0
4391,2,7,1,9500,1,3,1,1,37,37,9,5,2,0,0,0,1,0,0,3,0,0,3,3,3,3,0,1,3,3,3,1,0,3,3,0,1
2999,4,39,1,8014,0,1,2,1,19,19,90,90,2,0,0,0,0,0,0,3,0,0,1,1,0,0,0,0,1,3,0,0,0,1,1,2,0
296,1,17,2,9773,1,1,1,1,19,38,9,8,1,1,0,0,1,0,1,0,0,0,1,1,2,3,0,0,1,1,2,3,0,2,1,2,2
1681,1,1,1,9773,1,1,0,1,1,19,4,4,0,0,0,0,1,1,0,0,0,0,2,3,1,1,0,0,2,3,1,2,0,0,2,1,1
4221,1,1,1,9238,1,1,3,1,37,37,9,9,3,0,0,0,1,0,0,0,0,0,3,3,3,3,0,0,3,3,3,3,0,2,1,2,2
2636,1,1,2,9254,1,1,0,1,37,37,9,9,0,1,0,0,0,1,0,2,0,0,2,3,1,0,0,0,2,3,0,0,0,0,0,0,0
3672,1,44,1,9085,1,39,3,1,19,37,4,7,3,1,0,0,1,0,0,0,0,1,2,2,3,3,0,1,2,2,3,2,0,2,0,2,2
3499,1,39,1,9003,1,1,3,1,1,37,191,193,3,0,0,0,1,1,0,3,0,0,2,1,0,0,0,0,2,1,0,0,0,1,1,3,1
3929,1,39,1,9003,1,1,2,1,19,19,9,6,3,1,0,0,1,0,0,2,0,0,2,3,2,1,0,0,2,3,1,1,0,2,1,2,1
3912,1,1,4,9254,1,1,0,1,1,19,9,6,0,1,0,0,1,0,0,1,0,0,2,2,2,0,0,0,2,3,2,1,0,2,0,2,2
3756,1,39,1,8014,0,1,1,1,37,37,9,9,1,0,0,0,1,0,0,3,0,0,2,3,2,2,0,0,2,3,2,1,0,0,0,0,2
2420,1,39,1,9085,1,2,2,1,38,38,9,10,3,0,0,0,1,1,0,3,0,0,2,0,0,0,0,0,2,0,0,0,0,3,0,1,0
3446,1,16,1,9085,1,1,3,1,3,3,2,1,3,1,0,0,1,0,0,0,0,0,2,2,3,3,0,0,2,1,3,3,0,2,0,2,0
2216,1,18,2,9556,1,1,1,1,3,3,2,2,0,0,0,0,1,1,0,0,0,0,3,3,2,3,0,0,3,3,1,3,0,0,1,3,2
3667,1,42,1,9147,1,1,1,1,34,34,99,99,0,1,0,0,0,1,0,2,0,0,1,1,0,0,0,0,1,1,0,0,0,0,2,1,0
2594,1,17,1,9147,1,1,0,1,19,19,7,7,0,1,0,0,1,0,0,2,0,0,1,1,1,0,1,0,1,2,1,1,0,0,0,0,1
492,1,1,6,9500,1,1,2,1,1,3,3,2,1,1,0,0,1,0,0,1,0,0,3,1,2,2,0,0,3,1,2,2,0,0,2,1,2
3963,1,1,1,171,1,1,1,1,19,38,5,5,2,1,0,1,1,0,0,1,0,2,3,3,3,2,0,2,3,3,3,2,0,0,1,3,2
1399,1,17,1,9853,1,1,3,1,19,19,9,8,3,0,0,0,1,0,1,0,0,0,3,1,3,3,0,0,3,1,3,3,0,3,0,1,2
1132,1,1,1,9147,1,1,2,1,37,37,194,171,2,1,0,0,1,0,0,0,0,0,1,2,1,0,0,0,1,2,1,0,0,2,1,2,1
2068,1,18,4,9853,1,1,0,1,19,38,4,10,1,1,0,0,1,0,0,0,0,0,2,2,2,2,0,0,2,2,2,1,0,3,3,0,1
2380,1,17,1,9254,1,1,0,1,1,19,4,7,0,0,0,0,1,1,1,0,0,0,2,2,2,2,0,0,2,3,2,2,0,3,0,1,2
2604,1,17,1,9238,1,1,3,1,37,37,7,5,2,1,0,0,1,0,0,0,0,0,2,3,1,0,0,0,2,3,1,2,0,0,0,0,0
3114,1,1,1,9773,1,1,1,1,1,19,9,7,1,0,0,0,1,0,0,0,0,0,2,1,3,1,0,0,2,1,3,1,0,2,3,0,2
3071,1,39,1,8014,0,38,1,1,1,1,4,4,0,0,0,1,0,1,0,3,0,0,2,1,0,0,0,0,1,1,0,0,0,0,1,3,0
2572,1,1,1,9238,1,1,1,1,1,1,4,10,0,0,0,1,1,0,0,2,0,0,2,2,2,2,0,0,2,1,2,3,0,2,3,0,2
3305,1,1,3,9773,1,1,2,1,1,1,3,5,2,1,0,0,1,0,0,0,0,0,2,1,3,3,0,0,2,1,3,2,0,3,3,0,2
3214,1,1,4,9070,1,1,3,1,3,3,2,2,3,1,0,0,1,1,0,0,0,0,2,2,3,3,0,0,2,1,3,3,0,0,0,0,2
2413,2,39,2,8014,0,1,0,1,34,34,0,0,0,1,0,0,1,0,0,3,0,0,2,2,2,1,0,1,2,3,1,0,1,0,2,1,2
3678,1,17,1,9670,1,1,1,1,1,19,141,114,3,1,0,0,1,0,0,2,0,0,2,1,3,3,0,0,2,1,3,3,0,2,0,2,2
3099,1,17,1,8014,0,1,1,1,19,37,4,7,0,0,0,0,1,0,0,2,0,0,2,3,1,1,0,0,2,3,0,0,0,1,1,2,0
3442,1,17,4,9254,1,1,0,1,37,19,9,7,0,1,0,0,1,0,0,1,0,0,2,2,3,1,0,0,2,2,2,2,0,1,1,3,2
3949,1,43,1,9147,1,1,3,1,1,19,9,10,3,0,0,0,1,0,1,0,0,0,1,3,2,2,0,0,1,3,2,3,3,3,0,1,2
3653,1,44,1,9085,1,39,2,1,1,19,9,9,3,1,0,0,1,0,0,1,0,1,2,3,3,2,0,1,2,3,2,1,0,3,0,1,1
149,1,1,1,9500,1,1,2,1,1,19,9,9,2,0,0,0,1,0,1,1,0,0,3,2,2,3,0,0,3,2,3,3,0,1,1,3,2
3980,1,17,6,9238,1,1,0,1,1,38,4,7,0,0,0,0,1,0,1,0,0,0,2,2,3,1,0,0,2,1,3,2,0,2,0,2,2
682,1,18,4,9085,1,1,3,1,1,1,4,5,3,0,0,1,0,0,1,1,0,1,1,2,1,3,1,0,1,1,1,3,0,2,3,0,0
2173,1,1,1,9085,1,1,3,1,12,2,4,2,3,0,0,1,0,0,0,2,0,0,1,1,1,2,0,0,1,1,0,0,0,0,2,1,0
2227,1,43,1,9003,1,1,0,1,37,37,9,6,1,0,0,1,1,1,0,2,0,0,2,1,0,0,0,0,2,2,0,0,0,3,3,0,0
1269,1,39,1,9670,1,1,2,1,37,37,6,6,1,0,0,0,1,0,0,3,0,0,2,2,1,0,0,0,2,2,0,0,0,1,1,2,0
2996,1,17,1,9238,1,1,1,1,19,1,0,5,1,1,0,0,1,0,0,0,0,0,2,2,2,1,0,0,2,1,2,3,0,2,0,2,2
3344,1,39,1,9085,1,1,0,1,40,1,5,6,3,0,0,1,0,1,0,3,0,2,3,2,2,1,0,2,3,1,1,1,0,0,1,3,0
3289,1,39,1,9003,1,19,1,1,37,37,9,7,0,0,0,0,1,1,0,3,0,3,3,3,3,1,0,3,3,3,3,1,0,3,3,0,2
973,2,43,1,9853,1,1,0,1,37,37,7,7,0,0,0,0,1,1,0,3,0,0,1,1,1,3,0,0,1,1,1,3,0,2,0,2,2
2136,1,17,5,9070,1,1,1,1,37,37,9,9,1,1,0,0,0,0,0,0,0,0,2,2,1,1,1,0,2,1,2,1,0,0,2,1,2
1412,1,43,1,9670,1,1,1,22,37,37,9,9,2,1,0,0,1,1,0,2,1,2,3,3,2,0,0,2,3,3,3,1,0,0,0,0,2
3703,1,39,1,9119,1,1,1,1,37,37,9,9,0,0,0,0,1,1,1,3,0,0,1,3,0,0,0,0,1,1,0,0,0,2,3,0,0
1808,1,1,5,9119,1,1,1,1,1,19,4,7,2,0,0,0,0,1,1,0,0,0,1,1,2,1,0,0,1,2,1,1,0,0,1,3,1
3201,1,1,1,9773,1,1,3,1,1,3,4,1,3,1,0,0,1,1,0,0,0,0,2,2,3,3,0,0,2,1,3,2,0,0,0,0,2
2342,1,43,1,9003,1,1,3,1,2,4,4,1,3,0,0,0,1,1,0,3,0,3,3,3,3,1,0,3,3,3,3,1,1,3,3,0,2
2337,1,39,1,9130,1,1,0,1,1,38,9,9,3,0,0,0,1,1,0,2,0,0,2,1,0,0,0,0,2,1,0,0,0,2,1,2,0
1786,2,39,1,9238,1,19,1,1,37,37,9,4,0,0,0,0,1,1,0,3,0,0,2,0,0,0,0,0,2,0,0,0,0,3,3,0,0
3728,1,51,1,8014,0,2,0,1,19,38,9,10,0,0,0,0,1,1,0,3,0,3,3,3,3,3,0,3,3,3,3,3,0,1,1,3,2
3775,1,1,1,9085,1,1,3,1,37,37,4,9,2,1,0,1,1,0,0,3,0,2,1,3,1,2,3,1,1,3,1,2,0,2,3,0,0
4044,1,17,1,9238,1,1,1,1,38,38,191,193,3,0,0,1,1,0,1,0,0,0,2,1,3,2,0,0,2,2,3,2,0,0,1,3,2
2682,1,7,1,9991,0,3,0,1,37,37,6,7,1,0,0,1,0,1,0,3,0,0,1,1,0,0,0,0,1,1,1,0,0,1,1,3,0
3822,1,17,6,9773,1,1,3,1,37,37,5,5,2,1,0,0,1,1,0,0,0,0,2,1,3,3,0,0,2,1,3,3,0,0,0,0,2
2551,1,17,3,9070,1,1,3,1,3,3,4,4,3,1,0,0,1,0,1,1,0,0,2,1,2,2,0,0,2,1,2,3,0,2,3,0,1
4325,2,7,1,8014,0,3,1,1,19,38,3,7,2,0,0,0,1,0,0,3,0,3,3,3,3,2,0,3,3,3,3,2,0,1,1,2,2
2105,1,43,1,9500,1,1,1,1,19,19,4,7,1,0,0,0,1,0,1,0,0,0,3,3,2,1,0,0,3,1,1,3,0,3,0,1,1
3953,1,1,1,9085,1,1,1,1,37,11,90,90,1,0,0,0,1,0,0,0,0,0,1,1,2,2,0,0,1,1,2,2,0,0,2,1,2
2198,1,1,3,9147,1,1,2,1,38,38,9,9,2,1,0,0,1,1,0,0,0,0,1,2,1,0,0,0,1,1,1,0,0,2,3,0,0
1554,1,39,1,8014,0,1,1,1,37,37,9,9,0,0,0,0,1,0,1,3,0,0,3,1,2,3,1,0,2,1,2,3,0,1,1,2,2
722,1,1,1,171,1,1,3,1,19,38,9,5,3,1,0,0,1,1,0,2,0,0,0,0,0,0,0,0,0,0,0,0,0,0,2,1,2
3031,1,43,1,9500,1,1,3,1,38,3,5,2,3,0,0,0,1,0,0,2,0,2,3,2,3,2,0,1,3,2,3,3,0,2,0,2,2
1371,1,1,1,9500,1,1,1,1,1,1,9,9,1,0,0,0,1,1,0,1,0,0,3,2,3,3,0,0,3,2,3,3,0,2,3,0,2
2832,2,39,1,9003,1,1,3,1,3,3,2,2,1,0,0,1,0,0,0,3,0,1,2,3,2,3,0,0,2,2,2,2,0,1,1,3,1
1102,1,1,2,9853,1,1,0,1,38,38,7,5,1,1,0,0,1,0,0,0,0,0,2,3,1,1,0,0,2,2,1,0,0,1,1,2,1
4059,1,1,3,9773,1,1,1,1,19,19,5,5,3,1,0,0,0,0,0,0,0,0,2,0,0,0,0,0,3,0,0,0,0,2,0,2,0
1488,1,43,1,8014,0,1,1,1,19,37,8,5,1,0,0,0,1,1,0,2,0,0,2,3,0,0,3,0,2,1,0,0,0,3,0,1,0
1805,1,43,1,9991,0,3,1,1,3,1,2,9,2,0,0,0,1,1,0,3,0,0,1,1,0,0,0,0,1,1,0,0,0,2,3,0,0
4029,4,7,1,9500,1,3,1,1,3,19,2,3,2,0,0,0,1,0,0,3,0,0,3,2,1,3,2,0,3,2,0,0,0,3,0,1,0
3773,1,39,1,9085,1,19,1,1,37,37,9,9,0,1,0,1,0,0,1,3,0,0,2,2,0,0,0,0,2,1,0,0,0,2,0,2,0
2921,1,39,1,8014,0,1,3,1,19,37,4,5,0,0,0,0,1,0,0,3,0,0,2,1,1,2,0,0,2,1,0,0,0,2,3,0,1
781,1,17,1,9670,1,1,0,1,1,1,5,4,0,1,0,1,1,0,0,1,0,0,1,3,1,1,0,0,2,3,1,0,0,3,3,0,0
550,1,1,5,9119,1,1,1,1,12,19,4,5,1,1,0,0,1,1,0,0,0,0,1,3,1,1,0,0,1,3,1,1,0,2,1,2,0
1415,1,1,2,9085,1,1,1,1,19,19,90,90,1,0,0,0,1,0,0,1,0,0,1,1,2,2,0,0,1,2,1,2,0,0,2,1,2
618,1,17,2,9500,1,1,2,1,19,37,4,7,2,1,0,0,1,0,1,0,0,0,3,2,2,2,0,0,3,2,3,2,0,1,1,3,2
2197,1,43,1,9070,1,1,0,1,1,1,4,7,0,1,0,0,1,1,0,0,0,2,2,1,1,1,0,1,2,3,1,0,0,2,0,2,1
1184,1,1,2,9500,1,1,1,1,19,38,192,192,0,1,0,0,1,0,0,0,0,0,3,3,2,3,0,0,3,3,2,1,0,1,1,3,1
1492,1,44,1,9130,1,39,0,1,3,4,2,2,0,1,0,0,1,1,0,1,0,0,2,3,1,0,0,0,2,3,1,0,0,2,0,2,0
367,1,17,1,9085,1,1,2,1,19,37,2,7,2,0,0,0,1,0,0,0,0,0,1,2,1,0,0,0,1,1,1,1,0,0,2,1,1
3554,1,17,1,9670,1,1,0,1,37,38,3,3,1,0,0,1,1,1,0,0,0,0,2,2,3,2,0,0,2,2,2,2,0,0,1,3,1
1828,1,7,1,9500,1,3,0,1,37,37,4,5,1,0,0,1,0,0,0,3,0,0,3,1,0,0,3,0,3,1,0,0,3,2,0,2,0
2866,2,39,1,8014,0,19,1,1,3,19,90,90,1,0,0,0,1,0,0,3,0,0,1,1,0,0,2,0,2,0,0,0,0,1,1,2,0
2461,1,18,3,9254,1,1,0,1,19,19,9,6,1,1,0,0,1,1,0,0,0,0,2,0,0,0,0,0,2,0,0,0,0,2,0,2,0
471,1,1,1,9254,1,1,1,1,19,38,9,7,1,0,0,0,1,0,1,1,0,0,1,1,2,2,0,0,1,1,2,1,0,2,0,2,2
193,1,51,1,9853,1,1,2,1,1,1,4,10,2,0,0,0,1,0,0,2,0,0,1,0,0,0,0,0,1,0,0,0,0,2,1,2,0
1145,1,1,2,8014,0,1,0,1,19,11,0,0,0,1,0,0,1,0,0,2,0,0,2,1,1,2,0,0,2,2,2,1,0,0,2,1,2
4139,1,17,1,9238,1,1,2,1,38,19,7,7,1,0,0,0,1,0,1,2,0,0,3,3,1,1,0,0,3,3,1,1,0,3,3,0,2
1002,1,1,1,171,1,1,3,1,3,4,2,5,3,1,0,0,1,0,0,0,0,0,0,0,0,0,0,0,0,0,0,0,0,1,1,3,2
681,1,44,1,9238,1,39,2,41,1,1,4,6,3,0,0,1,1,0,1,2,1,1,1,1,2,2,0,1,1,1,2,3,0,2,1,2,2
1857,1,15,1,9238,1,1,3,26,19,1,9,9,3,1,0,1,0,1,0,2,1,0,2,3,2,1,0,0,2,2,2,2,0,2,0,2,2
764,2,44,1,8014,0,39,3,1,1,1,5,5,3,0,0,0,1,1,0,3,0,3,3,3,3,3,0,3,3,3,3,2,0,2,1,2,2
2562,2,39,1,9500,1,19,1,1,38,38,2,10,1,0,0,0,1,0,0,3,0,0,3,2,1,0,0,0,3,2,0,0,0,3,0,1,0
1763,1,15,1,9147,1,1,2,26,37,2,6,4,3,0,0,1,1,1,0,0,1,0,1,3,1,0,0,0,1,2,1,1,0,2,1,2,2
705,5,39,1,9991,0,1,0,1,37,37,9,9,3,0,0,0,1,1,1,3,0,0,1,2,1,2,0,0,1,3,1,2,2,3,0,1,0
2053,1,1,6,9500,1,1,2,1,1,38,3,9,1,1,0,0,1,0,0,0,0,0,3,3,2,3,0,0,3,2,2,2,0,2,1,2,1
2986,1,43,2,9853,1,1,0,1,19,1,5,4,0,1,0,0,1,0,0,1,0,0,2,3,1,1,0,0,2,2,1,1,0,1,1,2,1
2445,1,39,1,9500,1,1,0,1,37,37,9,9,0,0,0,0,1,1,0,3,0,0,3,3,2,1,0,0,3,3,1,2,0,3,0,1,1
3074,2,2,1,9147,1,2,0,1,37,37,9,9,1,0,0,0,0,1,0,3,0,3,3,3,3,1,0,3,3,3,3,2,0,0,0,0,0
1848,1,1,2,9500,1,1,3,1,5,5,2,2,3,0,0,0,1,1,0,0,0,0,3,3,2,3,0,0,3,2,3,2,0,2,1,2,2
4259,1,1,1,9773,1,1,2,1,37,19,9,10,3,1,0,0,1,0,0,0,0,0,3,3,1,2,0,0,3,3,1,3,0,0,0,0,0
1490,2,39,1,9003,1,1,0,1,37,37,9,9,3,0,0,0,1,1,0,3,0,0,2,2,2,3,0,0,2,1,2,3,0,2,0,2,2
4108,1,17,3,9500,1,1,2,1,37,38,4,5,1,1,0,0,1,0,0,0,0,0,3,2,3,3,0,0,3,2,3,3,0,1,1,2,2
3545,1,17,3,9500,1,1,3,1,19,37,4,9,2,1,0,0,1,1,1,0,0,0,3,2,3,2,0,0,3,2,3,2,0,0,2,1,2
1849,1,43,3,9254,1,1,2,1,3,3,2,2,1,0,0,0,1,1,0,0,0,0,2,3,1,2,0,0,2,2,1,1,0,2,3,0,1
619,1,44,1,9085,1,39,2,1,3,1,2,3,3,1,0,0,1,0,0,0,0,0,1,3,1,2,0,0,1,3,1,1,0,2,1,2,1
1059,1,1,1,9500,1,1,1,1,19,19,4,10,0,0,0,0,1,0,0,1,0,0,3,2,3,2,0,0,3,2,3,2,0,2,3,0,2
4316,1,1,3,9070,1,1,0,1,43,3,123,123,0,1,0,1,1,1,0,0,0,0,3,1,3,1,0,0,3,2,3,3,0,0,1,3,2
3048,1,1,1,9147,1,1,1,1,1,19,3,3,1,0,0,0,1,0,1,0,0,0,1,1,2,2,0,0,1,1,2,3,0,2,3,0,2
3914,2,43,1,9991,0,3,2,1,37,19,9,4,3,0,0,1,1,0,0,3,0,2,3,3,2,1,0,2,3,3,3,2,0,3,0,1,0
1700,1,1,1,9500,1,1,3,1,38,37,9,9,3,0,0,0,1,1,1,0,0,0,3,2,3,3,0,0,3,2,3,3,0,0,0,0,2
465,1,43,1,8014,0,1,1,1,3,3,2,3,3,0,0,0,1,0,0,3,0,3,3,3,3,1,0,2,3,3,1,1,0,1,1,2,0
591,1,1,1,9500,1,1,1,1,3,19,2,8,2,0,0,0,1,0,0,0,0,0,3,3,1,2,0,0,3,3,1,1,0,3,0,1,1
3358,4,39,1,9500,1,1,1,1,1,19,3,3,3,0,0,0,1,0,0,3,0,0,3,0,0,0,0,0,3,0,0,0,0,2,1,2,0
2599,1,17,3,9853,1,1,0,1,38,38,7,7,1,1,0,0,1,0,0,0,0,0,2,2,2,2,0,0,2,1,2,1,0,0,2,1,1
4106,1,17,4,9773,1,1,0,1,1,38,5,7,1,1,0,0,1,0,0,1,0,0,2,3,1,2,0,0,3,3,2,1,0,2,1,2,2
1611,1,16,5,9085,1,1,2,1,19,37,8,8,1,1,0,0,1,1,0,0,0,0,1,3,2,2,2,0,1,1,2,2,0,0,0,0,1
2295,1,17,3,9670,1,1,2,1,1,38,4,7,3,0,0,0,1,1,0,0,0,0,2,2,2,3,0,0,2,1,2,3,0,1,1,3,2
1710,1,44,1,9991,0,39,1,1,37,37,9,9,2,0,0,0,1,0,0,3,0,1,2,3,1,1,0,2,3,2,3,1,0,0,0,0,1
3516,1,17,1,171,1,1,0,1,3,12,2,9,0,1,0,1,1,1,0,0,0,0,0,0,0,0,0,0,0,0,0,0,0,1,1,2,0
3876,1,17,1,9500,1,1,3,1,1,1,4,10,2,0,0,0,1,0,0,0,0,0,3,2,3,3,0,0,3,2,3,3,0,2,0,2,0
542,1,44,1,9003,1,39,3,1,1,19,4,10,3,0,0,0,1,1,1,2,0,0,1,2,2,2,0,0,1,3,2,2,0,3,3,0,2
570,1,1,1,8014,0,1,1,1,1,1,9,9,1,0,0,0,1,1,0,1,0,0,1,1,2,1,0,0,1,2,2,1,0,0,2,1,2
733,2,39,2,9147,1,1,1,1,19,37,4,7,3,0,0,0,1,1,0,3,0,0,1,3,1,1,1,0,1,1,1,2,0,0,0,0,2
3261,1,1,3,9147,1,1,0,1,1,38,3,8,0,1,0,0,1,0,1,0,0,0,1,1,2,2,0,0,1,1,2,2,0,0,1,3,2
3156,1,43,1,9003,1,1,0,1,1,38,4,7,1,1,0,0,1,0,0,2,0,3,3,3,3,1,3,3,3,3,3,1,0,3,3,0,2
2358,1,39,1,9003,1,1,2,1,3,3,2,2,0,0,0,0,1,1,0,3,0,0,2,2,2,3,0,0,2,3,2,3,0,3,0,1,2
2821,1,18,5,9085,1,1,0,1,5,3,2,3,0,1,0,0,1,0,0,2,0,0,1,3,0,0,3,0,1,1,0,0,0,2,3,0,0
1245,2,39,1,9853,1,1,1,1,37,37,5,5,0,0,0,0,1,0,0,3,0,0,3,3,1,0,0,0,3,1,1,2,0,3,0,1,0
4136,5,43,1,9500,1,1,1,1,1,38,5,5,1,0,0,0,1,0,1,0,0,0,3,2,3,1,0,0,3,2,3,1,0,2,3,0,2
3631,1,1,3,9773,1,1,0,1,38,19,7,7,0,1,0,1,0,0,0,0,0,0,2,2,3,1,0,0,2,3,1,0,0,3,0,1,0
3665,1,39,1,9003,1,19,1,1,37,37,9,4,3,0,0,0,1,1,0,3,0,0,2,2,3,2,0,0,2,3,2,1,0,3,0,1,1
784,1,1,2,9773,1,1,1,1,1,34,9,9,1,1,0,0,1,0,1,1,0,0,1,1,1,2,0,0,2,1,2,2,0,2,1,2,2
3028,1,39,1,8014,0,1,1,1,37,37,9,6,2,0,0,0,1,0,1,3,0,1,3,2,3,3,0,1,3,1,3,3,0,0,1,3,2
1344,1,17,1,9070,1,1,0,1,1,1,4,8,1,1,0,1,0,0,1,0,0,0,2,1,2,1,0,0,2,2,2,1,0,2,3,0,0
996,1,1,3,9500,1,1,0,1,3,1,134,135,0,1,0,0,1,0,1,1,0,0,3,3,1,3,0,0,3,2,2,3,0,2,1,2,1
2314,1,1,1,9238,1,1,1,1,1,1,3,4,0,0,0,0,1,1,0,0,0,0,2,1,2,1,0,0,2,1,2,1,0,2,1,2,2
674,1,1,1,9254,1,1,0,1,38,38,5,8,0,1,0,0,1,0,0,0,0,0,1,2,2,1,0,0,1,1,2,3,0,1,1,3,2
3200,2,39,1,9238,1,42,3,1,19,38,8,8,3,0,0,0,1,1,0,3,0,0,2,1,0,0,0,0,1,1,0,0,0,0,1,3,0
2985,1,17,1,9070,1,1,2,1,37,19,9,9,1,1,0,0,1,0,0,0,0,0,2,1,3,3,0,0,2,1,3,3,0,2,3,0,2
4031,1,1,1,171,1,1,1,1,19,38,9,8,2,1,0,0,1,1,1,0,0,3,3,3,3,2,0,2,3,3,3,2,0,0,1,3,1
2628,1,1,1,9147,1,1,0,1,1,19,7,7,0,0,0,0,1,1,1,0,0,0,1,3,1,0,0,0,1,3,1,1,0,3,3,0,1
623,1,17,1,9500,1,1,2,1,38,37,7,5,2,1,0,0,1,0,1,0,0,0,3,2,3,3,0,0,3,2,3,3,0,0,0,0,2
4035,2,7,1,9130,1,2,0,1,19,19,4,8,0,1,0,0,1,1,0,3,0,0,2,3,0,0,0,0,2,1,0,0,0,3,0,1,0
2694,1,1,2,9773,1,1,2,1,1,1,4,3,2,0,0,0,1,1,1,0,0,0,2,1,2,2,0,0,2,1,2,1,0,3,0,1,2
3420,1,1,1,9500,1,1,0,1,1,1,9,4,0,0,0,0,1,0,1,2,0,0,3,2,3,2,0,0,3,2,3,2,0,0,0,0,2
2180,1,17,1,171,1,1,2,1,38,38,7,7,2,1,0,0,1,0,0,0,0,0,0,0,0,0,0,0,0,0,0,0,0,3,3,0,0
4256,1,39,1,9500,1,1,0,1,1,19,4,8,1,0,0,0,1,0,0,2,0,0,3,2,3,2,0,0,3,2,3,2,0,1,1,2,2
3976,1,1,4,9500,1,1,1,1,19,19,9,7,1,1,0,0,1,0,0,0,0,0,3,2,3,3,0,0,3,2,3,2,0,2,1,2,2
1319,1,17,2,9853,1,1,1,1,1,38,4,8,1,1,0,0,1,0,0,0,0,0,2,3,1,2,0,0,2,1,2,1,0,1,1,2,2
1628,1,1,1,9670,1,1,3,1,19,3,4,0,3,1,0,0,0,1,0,1,0,0,1,1,1,1,0,0,1,1,1,2,0,0,2,1,0
2431,1,1,1,9991,0,1,3,1,38,37,9,9,3,0,0,0,1,1,1,2,0,0,1,1,2,3,0,0,1,1,2,3,0,0,1,3,2
2090,1,1,5,9500,1,1,3,1,38,37,5,7,2,1,0,0,1,0,0,0,0,0,3,1,2,3,0,0,3,1,2,3,0,0,2,1,2
2503,2,39,1,9500,1,1,1,1,3,1,5,5,3,0,0,0,1,0,1,3,0,0,3,1,2,2,0,0,3,2,3,2,0,2,1,2,2
792,1,17,1,9238,1,1,3,1,1,40,9,2,2,0,0,0,1,0,1,0,0,0,1,1,2,1,0,0,2,1,2,2,0,1,1,3,2
239,1,39,1,9085,1,19,1,1,19,19,9,7,3,0,0,1,0,0,0,2,0,1,1,3,1,1,0,1,1,3,1,0,0,3,0,1,0
1603,1,44,1,9003,1,39,0,1,19,38,6,6,1,1,0,0,1,1,0,0,0,0,2,2,2,1,0,0,2,3,2,3,0,2,1,2,2
3272,4,42,1,9147,1,1,0,1,37,37,9,9,2,0,0,0,1,0,0,3,0,3,3,3,3,1,3,3,3,3,3,3,0,0,0,0,2
2959,5,39,1,9254,1,1,1,1,2,2,2,2,0,0,0,0,1,0,0,3,0,0,2,1,3,3,0,0,2,3,3,2,0,1,1,2,2
3376,1,17,1,9085,1,1,0,1,19,37,9,9,1,1,0,0,1,0,1,2,0,0,2,1,3,3,0,0,2,2,3,3,0,0,1,3,2
1535,2,44,1,9991,0,39,2,1,37,37,9,9,3,0,0,0,1,0,0,3,0,1,2,3,1,1,0,2,3,2,2,2,0,0,0,0,1
3449,1,1,2,9500,1,1,2,1,3,3,2,2,2,1,0,0,1,0,1,0,0,0,3,2,3,3,0,0,3,2,3,3,0,3,0,1,2
1105,1,1,4,171,1,1,2,1,37,38,9,9,2,1,0,0,1,0,0,0,0,0,0,0,0,0,0,0,0,0,0,0,0,1,1,2,0
1210,1,43,1,9556,1,1,2,1,37,37,9,9,2,1,0,0,0,0,0,3,0,0,3,1,0,0,3,0,3,2,0,0,3,1,1,2,0
3127,1,18,1,9147,1,1,1,1,19,19,9,5,1,1,0,0,1,0,0,0,0,0,1,2,2,0,0,0,1,1,2,3,0,2,1,2,2
1898,1,1,1,171,1,1,3,1,12,12,4,1,3,1,1,0,1,0,0,0,0,0,0,0,0,0,0,0,0,0,0,0,0,1,1,3,2
2264,1,1,1,9853,1,1,0,1,37,37,9,4,0,1,0,0,1,1,0,3,0,0,2,2,2,2,0,0,2,3,2,1,0,0,2,1,1
2430,1,1,1,9773,1,1,1,1,38,38,6,3,0,0,0,0,1,1,1,0,0,0,2,3,1,1,0,0,2,3,2,2,0,1,1,2,2
2345,1,53,1,9085,1,42,3,1,1,19,3,8,3,1,0,0,1,1,1,2,0,3,3,3,3,3,0,2,3,3,3,3,0,0,1,3,2
3625,1,1,1,9238,1,1,2,1,19,38,7,5,1,0,0,0,1,0,0,1,0,0,2,3,1,0,0,0,2,3,1,2,0,0,0,0,1
3006,1,1,4,9147,1,1,2,1,1,19,4,5,3,0,0,0,1,0,0,0,0,0,1,2,1,1,0,0,1,1,1,1,0,0,1,3,2
4049,1,53,1,9556,1,42,2,1,1,19,4,5,3,0,0,0,1,0,1,2,0,1,3,3,3,2,0,2,3,3,3,2,0,0,1,3,2
760,1,17,1,9003,1,1,0,1,3,3,2,2,0,0,0,0,1,1,0,3,0,3,3,3,3,1,0,3,3,3,3,2,0,3,3,0,2
1677,5,39,1,9991,0,1,0,1,1,1,3,3,1,0,0,0,1,1,1,3,0,0,1,3,1,0,0,0,1,1,2,2,0,0,1,3,2
2441,1,39,1,8014,0,1,0,1,37,37,6,6,0,0,0,0,1,1,0,3,0,0,2,2,2,1,0,1,2,3,1,1,1,0,2,1,1
1404,1,44,1,9147,1,39,1,22,2,37,2,8,2,0,0,1,0,1,0,2,1,0,1,1,0,0,0,0,1,1,0,0,0,3,3,0,0
3680,1,1,1,171,1,1,1,1,37,38,9,9,1,1,0,1,1,1,0,0,0,0,0,0,0,0,0,0,0,0,0,0,0,0,2,1,0
1885,1,1,1,9500,1,1,1,1,19,2,9,3,1,1,0,0,1,0,0,0,0,0,3,1,2,1,0,0,3,1,2,1,0,0,2,1,2
2740,1,1,2,9070,1,1,1,1,19,38,9,9,2,1,0,0,1,0,1,0,0,0,2,1,2,3,0,0,2,2,2,2,0,1,1,2,2
3477,1,43,1,9991,0,1,3,1,37,37,9,9,2,0,0,0,1,0,0,2,0,2,3,3,3,1,0,3,3,3,2,2,0,0,0,0,0
1400,1,1,2,171,1,1,2,1,1,3,3,3,3,1,0,0,1,0,0,0,0,0,0,0,0,0,0,0,0,0,0,0,0,2,1,2,1
1892,1,1,1,9130,1,1,3,1,2,22,4,3,3,1,0,0,1,0,0,0,0,0,1,2,1,3,2,0,1,2,0,0,3,1,1,2,0
2129,1,1,1,9070,1,1,3,1,19,1,5,7,3,1,0,0,1,0,0,0,0,0,2,1,2,2,0,0,2,2,2,2,0,1,1,2,2
1509,1,43,1,9500,1,1,2,100,1,1,6,6,2,0,0,0,1,0,0,3,1,0,3,0,0,0,0,0,3,0,0,0,0,2,3,0,0
3897,1,17,1,9500,1,1,2,1,38,1,9,6,2,1,0,0,1,1,1,1,0,0,3,2,3,1,0,0,3,2,3,2,0,3,3,0,2
116,1,17,1,9238,1,1,3,1,19,37,9,7,3,1,0,0,1,0,1,1,0,0,1,3,1,0,0,0,1,3,1,0,0,0,2,1,1
1528,1,15,1,9254,1,1,2,26,19,1,9,7,3,1,0,0,0,0,0,2,1,0,2,1,2,1,0,0,2,3,1,2,0,2,0,2,2
2563,1,1,1,9238,1,1,1,1,38,1,2,4,1,0,0,0,1,0,0,1,0,0,2,3,1,1,0,0,1,3,0,0,0,0,0,0,1
1464,1,17,2,9254,1,1,2,1,19,19,4,3,3,1,0,0,1,1,0,1,0,0,2,2,2,1,0,0,2,2,2,0,0,0,2,1,1
2288,1,42,1,9119,1,1,2,1,1,37,5,5,0,0,0,0,1,1,0,0,0,1,1,1,1,1,0,0,1,1,1,1,0,3,3,0,1
3700,1,17,3,9070,1,1,1,1,38,37,5,5,1,1,0,0,1,1,0,0,0,0,2,1,3,2,0,0,2,2,2,1,0,3,3,0,1
4280,1,39,1,9991,0,1,1,1,19,37,9,7,0,0,0,0,1,1,0,3,0,0,1,2,1,0,0,0,1,2,0,0,0,2,0,2,0
169,1,43,1,9238,1,1,0,1,19,19,4,8,0,1,0,0,1,0,0,2,0,0,1,3,1,1,0,0,1,3,1,1,0,3,0,1,0
2161,1,17,2,9670,1,1,0,1,34,37,0,0,0,1,0,1,0,0,0,0,0,0,1,2,1,1,0,0,1,1,1,0,0,0,2,1,0
3796,1,1,1,9254,1,1,1,1,1,19,4,4,0,0,0,0,1,1,0,0,0,0,2,2,3,3,0,0,2,2,2,1,0,0,1,3,2
1666,1,17,1,9238,1,1,3,1,1,1,5,6,3,0,0,0,1,0,1,1,0,0,2,2,2,1,0,0,2,1,2,2,0,1,1,2,2
3693,1,17,5,9119,1,1,1,1,19,37,9,7,1,1,0,0,1,1,1,0,0,0,1,2,2,2,0,0,1,2,1,2,0,0,1,3,0
2712,1,1,2,9147,1,1,1,1,37,38,7,9,0,0,0,1,1,0,1,0,0,0,1,3,1,1,0,0,1,3,0,0,0,2,3,0,0
3997,4,39,2,9556,1,19,1,1,19,19,4,6,1,0,0,0,1,0,1,3,0,0,3,3,3,0,0,0,3,3,3,2,0,1,1,2,2
4352,1,1,6,9853,1,1,2,1,38,38,9,7,3,1,0,0,1,0,0,0,0,0,3,2,3,1,0,0,3,2,3,2,0,1,1,2,0
2513,1,10,2,9085,1,1,3,22,19,1,4,9,3,0,0,0,1,0,0,0,1,0,2,3,2,3,0,0,2,3,2,1,0,2,1,2,2
170,1,39,1,9085,1,1,1,1,37,19,9,7,2,1,0,0,1,0,0,3,0,0,1,3,1,1,1,0,1,3,1,0,0,2,3,0,1
291,1,44,1,9003,1,39,3,1,19,37,6,6,3,0,0,1,1,0,1,0,0,0,1,2,2,3,0,0,1,1,2,3,0,2,0,2,2
3889,1,1,2,9556,1,1,1,1,1,38,3,8,1,1,0,0,1,0,1,2,0,0,3,2,3,1,0,0,3,2,3,3,0,3,3,0,2
1930,1,1,4,9500,1,1,0,1,19,1,1,1,0,1,0,0,1,0,0,0,0,0,3,3,3,2,0,0,3,2,3,2,0,3,3,0,2
3590,1,1,3,9147,1,1,0,1,1,1,5,3,0,1,0,0,1,1,0,0,0,0,1,1,0,0,0,0,1,1,0,0,0,0,2,1,1
2577,1,1,4,9254,1,1,0,1,37,37,9,7,0,1,0,0,1,0,0,2,0,0,2,3,1,0,0,0,2,3,1,0,0,1,1,2,0
4295,1,39,1,9003,1,1,1,1,38,19,9,6,1,1,0,0,1,1,0,3,0,3,3,3,3,1,0,3,3,3,3,1,0,3,3,0,1
4333,1,1,2,9238,1,1,3,1,19,38,9,8,3,1,0,0,1,0,1,0,0,0,3,2,3,2,0,0,3,3,2,1,0,2,0,2,0
3314,1,43,1,9991,0,1,0,1,3,19,1,1,0,0,0,0,0,1,0,3,0,0,1,1,0,0,0,0,1,1,0,0,0,1,1,2,0
2954,4,39,1,9238,1,1,0,1,37,37,9,9,1,1,0,0,1,0,1,3,0,0,2,1,3,3,0,0,2,1,2,3,0,2,3,0,2
355,1,17,1,9085,1,1,1,1,19,1,4,5,2,1,0,0,1,0,0,0,0,0,1,1,2,3,0,0,1,1,2,3,0,1,1,3,2
4198,1,5,1,9853,1,1,0,1,1,38,5,8,1,1,0,0,1,0,0,2,0,0,3,3,1,3,0,0,3,3,1,0,0,0,0,0,1
753,2,39,1,9991,0,19,1,1,19,37,7,9,3,0,0,1,0,0,0,3,0,0,1,1,0,0,0,0,1,1,0,0,0,1,1,2,0
849,1,17,6,9500,1,1,3,1,1,19,4,4,2,0,0,0,1,0,1,1,0,2,3,1,3,3,0,2,3,2,3,3,0,1,1,3,2
3536,1,39,1,9991,0,1,0,1,37,37,9,9,3,0,0,0,1,1,0,3,0,0,1,0,0,0,0,0,1,0,0,0,0,2,3,0,0
2807,1,1,1,9670,1,1,0,1,12,12,5,7,2,1,0,0,1,0,0,0,0,0,2,2,2,3,0,0,2,2,2,3,0,1,1,3,1
4145,1,1,1,9238,1,1,1,1,19,1,1,3,0,0,0,0,1,0,0,2,0,0,3,0,0,0,0,0,3,0,0,0,0,3,3,0,0
2922,2,39,1,9238,1,19,1,1,37,37,4,4,0,0,0,0,1,0,0,3,0,0,2,3,3,1,0,0,2,3,2,2,0,3,3,0,0
4028,1,1,1,9070,1,1,2,1,1,38,4,5,2,0,0,1,1,0,0,0,0,0,2,1,3,3,0,0,2,2,3,3,0,1,1,2,2
3818,1,17,1,9238,1,1,3,1,19,37,6,6,3,0,0,0,1,1,0,2,0,0,2,0,0,0,0,0,2,0,0,0,0,2,0,2,0
4119,1,17,1,9853,1,1,3,1,1,38,4,10,3,1,0,0,1,0,0,0,0,0,3,3,1,2,0,0,3,3,2,3,0,0,0,0,2
2022,1,17,4,171,1,1,1,1,38,38,9,9,0,1,0,0,1,1,0,2,0,0,0,0,0,0,0,0,0,0,0,0,0,1,1,2,0
1303,1,51,1,9670,1,1,1,1,3,3,1,10,0,0,0,1,1,1,0,2,0,2,3,3,3,1,0,1,3,2,3,2,0,1,1,3,2
3970,1,1,1,9070,1,1,1,1,37,37,3,3,2,1,0,0,1,0,0,1,0,0,2,1,3,1,0,0,2,2,2,3,0,2,3,0,2
2118,1,1,4,9773,1,1,1,11,12,12,90,4,2,1,0,0,1,0,0,0,1,0,2,1,2,2,0,0,2,2,2,3,0,0,2,1,2
2303,1,18,5,9119,1,1,2,1,3,2,2,3,1,1,0,0,1,1,0,0,0,0,1,2,2,1,0,0,1,2,2,3,0,2,1,2,1
2647,1,44,1,9003,1,39,1,1,38,38,9,5,2,0,0,1,0,1,0,1,0,0,2,3,1,1,0,0,2,3,1,1,0,3,0,1,0
3412,1,17,1,9147,1,1,2,1,38,38,7,5,2,0,0,0,1,0,0,0,0,0,1,2,1,0,2,0,1,3,0,0,0,0,0,0,1
1215,1,1,1,9500,1,1,3,1,3,38,3,7,3,0,0,0,1,0,1,0,0,0,3,1,3,3,0,0,3,2,3,3,0,3,0,1,2
4176,1,1,3,9254,1,1,1,1,19,1,7,9,1,1,0,0,1,0,1,0,0,0,3,1,3,2,0,0,3,1,3,2,0,2,1,2,2
565,1,39,1,9670,1,1,1,1,19,19,3,9,1,0,0,0,1,1,0,3,0,0,1,1,2,3,0,0,1,1,2,3,0,0,1,3,2
641,1,1,6,9147,1,1,1,1,37,37,9,9,0,0,0,0,1,0,0,0,0,0,1,2,1,1,0,0,1,3,1,1,0,0,2,1,1
3176,1,1,4,9500,1,1,1,1,19,19,9,5,1,1,0,0,1,0,1,0,0,0,3,2,3,2,0,0,3,2,3,3,0,2,0,2,2
1858,1,17,3,9070,1,1,1,1,1,4,4,2,2,0,0,0,1,1,0,1,0,0,2,1,2,3,0,0,2,2,2,2,0,1,1,3,2
4266,1,44,1,171,1,39,2,1,1,1,9,9,3,0,0,0,1,1,0,2,0,0,0,0,0,0,0,0,0,0,0,0,0,3,3,0,1
1314,1,1,1,9670,1,1,1,1,19,1,5,7,1,1,0,0,1,0,0,0,0,0,2,1,2,2,0,0,2,3,1,1,0,2,0,2,1
2434,2,43,1,9085,1,1,3,1,37,37,9,7,1,0,0,0,1,1,0,2,0,0,1,3,0,0,3,0,1,3,1,1,1,0,0,0,1
3389,1,43,1,9238,1,1,0,1,19,37,5,5,0,0,0,0,1,0,1,2,0,0,2,3,1,0,0,0,2,2,2,2,0,1,1,2,1
3599,1,43,1,9147,1,1,1,1,4,19,2,1,2,0,0,0,1,0,0,2,0,3,3,3,3,3,2,1,2,2,3,3,0,0,0,0,0
1968,1,17,1,9853,1,1,3,1,1,1,3,4,2,0,0,1,1,0,0,0,0,0,2,2,1,2,0,0,2,3,1,0,0,2,3,0,1
4111,1,1,3,9500,1,1,0,1,19,37,9,9,1,1,0,0,1,0,0,1,0,0,3,2,3,3,0,0,3,2,3,3,0,2,1,2,2
642,1,1,1,9147,1,1,1,1,37,38,4,9,1,1,0,0,1,0,0,0,0,0,1,2,1,0,0,0,1,1,1,2,0,0,2,1,1
2079,1,1,5,9500,1,1,3,1,38,38,7,7,3,1,0,0,1,0,1,0,0,0,3,1,2,3,0,0,3,1,2,3,0,0,2,1,2
3270,2,1,1,9254,1,1,2,1,37,37,9,9,1,0,0,0,1,0,1,3,0,0,2,3,1,1,0,0,2,3,1,0,0,0,2,1,0
2289,1,39,1,9991,0,1,1,1,3,38,2,7,1,0,0,0,1,1,0,3,0,0,1,1,0,0,0,0,1,1,0,0,0,2,0,2,0
1086,1,17,1,9670,1,1,1,1,12,38,9,5,1,0,0,0,1,0,1,0,0,0,2,1,2,3,0,0,2,2,2,3,0,0,1,3,2
2219,1,1,1,9070,1,1,1,1,37,1,9,8,1,1,0,0,1,1,0,2,0,0,2,2,2,3,0,0,2,3,2,3,0,2,3,0,2
2352,1,1,1,9130,1,1,3,1,3,3,1,2,3,0,0,0,1,1,0,0,0,0,1,1,1,3,0,0,1,1,2,3,0,0,2,1,2
4152,1,1,3,9085,1,1,2,1,10,19,90,90,3,1,0,0,1,0,0,0,0,0,1,1,2,2,0,0,1,2,1,3,0,0,2,1,2
265,1,1,2,9773,1,1,3,1,3,1,1,3,3,1,0,0,1,0,0,0,0,0,1,3,1,1,0,0,1,3,1,1,0,0,0,0,2
1796,1,1,1,9238,1,1,3,1,38,37,9,7,3,1,0,0,1,0,1,0,0,0,2,1,2,2,0,0,2,1,2,1,0,1,1,2,2
4103,1,1,2,9147,1,1,0,1,1,19,4,9,1,1,0,0,1,0,0,0,0,0,1,1,2,1,0,0,1,3,1,1,0,1,1,2,1
2437,1,1,4,9119,1,1,0,1,37,37,9,5,0,1,0,0,1,1,1,2,0,0,1,2,1,2,0,0,2,3,1,2,0,1,1,3,0
249,1,1,1,9670,1,1,2,1,19,1,9,8,1,1,0,0,1,0,1,0,0,0,1,3,2,2,0,0,1,3,1,3,0,1,1,3,2
3541,1,17,1,9670,1,1,1,1,38,37,9,9,1,0,0,0,0,1,0,1,0,0,2,1,3,1,0,0,2,2,1,2,0,1,1,2,0
1833,1,1,1,9147,1,1,1,1,19,19,9,9,1,1,0,0,0,0,1,0,0,0,1,1,1,0,0,0,1,3,1,2,0,1,1,2,0
718,2,42,1,9991,0,6,0,1,37,37,9,9,1,0,0,0,1,1,0,3,0,0,1,3,1,3,0,0,1,1,1,3,0,0,0,0,1
1497,1,17,2,9670,1,1,0,1,1,1,4,10,0,1,0,0,1,1,0,0,0,0,2,2,2,3,0,0,2,2,2,2,0,3,3,0,2
1905,1,44,1,9238,1,39,3,1,1,37,4,8,3,1,0,0,1,0,1,1,0,2,2,1,2,2,0,1,2,1,2,3,0,2,0,2,2
1496,1,43,1,9556,1,1,1,1,1,37,5,5,2,1,0,0,1,1,0,1,0,0,3,2,3,3,0,0,3,2,3,3,0,3,3,0,2
224,1,18,1,9500,1,1,2,1,1,38,4,5,2,1,0,0,1,0,1,0,0,0,3,2,2,3,0,0,3,2,3,3,0,3,0,1,2
3060,1,1,2,9773,1,1,1,1,19,19,5,6,3,0,0,0,1,0,0,0,0,0,2,1,3,3,0,0,2,1,3,3,0,3,3,0,1
1854,1,39,1,9085,1,1,2,1,37,37,90,90,0,0,0,1,0,1,0,3,0,0,1,1,1,1,0,0,1,2,1,0,0,0,2,1,0
3571,1,17,1,9119,1,1,3,1,1,38,4,5,3,0,0,0,1,1,0,0,0,0,1,1,2,3,0,0,1,2,2,3,0,0,1,3,2
2788,1,39,1,9670,1,1,3,1,19,19,7,7,2,0,0,1,0,1,0,2,0,0,2,3,0,0,0,0,2,2,0,0,0,1,1,2,0
3291,1,39,1,9003,1,1,1,1,37,37,9,7,0,1,0,0,0,1,0,3,0,0,2,3,1,2,0,0,2,2,0,0,0,3,3,0,0
3044,1,5,5,9254,1,1,0,1,1,37,9,7,1,1,0,0,1,0,1,0,0,0,2,1,3,2,0,0,2,1,3,2,0,2,1,2,2
223,1,51,1,9500,1,1,1,1,19,1,5,9,3,0,0,0,1,0,1,0,0,0,3,2,1,3,0,0,3,2,3,1,0,1,1,3,2
2395,1,43,1,9773,1,1,1,1,19,38,9,7,1,1,0,0,1,1,0,2,0,0,2,3,1,1,3,0,2,3,1,2,0,3,3,0,1
360,1,17,4,9853,1,1,2,1,19,38,4,1,2,1,0,0,1,0,0,0,0,0,1,1,2,1,0,0,1,3,2,1,0,1,1,2,2
417,1,1,1,9853,1,1,1,1,19,19,9,9,0,1,0,0,1,0,0,2,0,0,1,2,1,1,0,0,1,2,1,1,0,2,3,0,0
3867,1,17,1,9500,1,1,3,1,19,19,4,9,2,0,0,0,1,1,0,2,0,0,3,2,3,3,0,0,3,2,3,3,0,1,1,2,2
853,2,39,1,9500,1,1,1,1,1,19,9,9,1,0,0,0,1,1,1,3,0,0,3,2,3,3,0,0,3,2,3,3,0,2,3,0,2
4100,1,43,1,9556,1,1,3,1,1,1,4,8,3,1,1,0,1,0,0,1,0,1,3,3,3,2,0,0,3,2,3,2,0,2,3,0,1
4382,1,1,1,9500,1,1,1,1,1,1,9,9,1,0,0,0,1,0,0,0,0,0,3,2,3,3,0,0,3,2,3,3,0,2,3,0,2
4138,1,17,2,9853,1,1,1,1,37,37,5,0,0,0,0,0,1,0,0,0,0,0,3,3,1,2,0,0,3,3,1,3,0,0,2,1,0
3178,1,1,1,9500,1,1,3,1,3,19,3,10,2,0,0,0,1,1,0,0,0,0,3,2,3,3,0,0,3,2,3,3,0,1,1,2,2
2327,2,39,1,9991,0,1,0,1,37,37,1,4,1,1,0,0,0,1,0,3,0,0,1,3,1,0,0,0,1,1,1,0,0,0,0,0,0
1315,1,17,2,9500,1,1,1,1,19,37,9,7,2,1,0,0,1,0,0,1,0,0,3,2,2,3,0,0,3,3,3,3,0,2,1,2,2
693,1,39,1,33,1,1,0,41,38,37,9,8,0,0,0,1,0,1,0,3,1,0,3,3,1,1,0,0,3,1,0,0,0,3,0,1,0
3834,1,1,1,9773,1,1,1,1,1,19,4,4,1,0,0,0,1,1,1,0,0,0,2,3,1,3,0,0,2,2,3,2,0,0,0,0,2
2872,2,43,1,9991,0,1,2,1,38,37,5,6,0,0,0,0,1,0,0,3,0,2,3,3,2,0,0,3,3,3,3,1,1,0,2,1,1
3497,2,43,1,9991,0,1,0,1,37,37,7,8,0,0,0,0,1,1,0,3,0,0,1,2,1,2,0,0,1,2,1,1,2,3,0,1,0
3621,1,1,1,9500,1,1,3,1,1,19,3,3,2,1,0,0,1,0,1,0,0,0,3,2,3,3,0,0,3,2,3,3,0,1,1,3,2
4340,1,17,1,9085,1,1,0,1,2,3,2,2,0,0,0,0,1,0,0,1,0,0,1,3,1,1,3,0,1,3,1,1,2,0,0,0,2
553,1,17,3,9119,1,1,0,1,1,2,3,2,1,1,0,0,1,1,0,0,0,0,1,3,1,0,0,0,1,3,0,0,0,1,1,3,0
3900,1,1,3,9500,1,1,3,1,37,38,9,9,3,1,0,0,1,0,1,2,0,0,3,2,3,3,0,0,3,2,3,3,0,0,2,1,2
1696,1,17,1,9070,1,1,3,1,19,38,4,5,2,1,0,0,1,1,0,2,0,0,2,1,2,1,0,0,2,1,2,1,0,0,2,1,2
3208,1,1,1,9238,1,1,2,1,1,38,4,6,1,0,1,1,0,1,0,0,0,0,2,1,1,1,0,0,2,1,2,1,0,0,1,3,0
299,1,1,1,9500,1,1,3,1,19,38,5,7,1,0,0,0,1,0,0,0,0,0,3,3,3,2,2,0,3,3,3,2,2,0,0,0,2
68,1,1,3,9147,1,1,0,1,1,38,7,7,1,0,0,1,1,1,0,0,0,0,1,2,1,1,0,0,1,3,1,0,3,3,0,1,0
4377,2,43,1,9991,0,1,1,1,37,37,9,9,0,0,0,0,1,0,0,3,0,3,3,3,3,1,0,3,3,3,3,1,2,0,0,0,0
3045,1,17,2,9853,1,1,0,1,1,1,3,9,0,1,0,0,1,0,0,0,0,0,2,2,2,2,0,0,2,2,1,0,0,0,0,0,2
3349,1,51,1,9670,1,19,1,1,2,1,3,10,1,0,0,1,1,1,0,3,0,1,2,3,1,1,0,0,2,1,0,0,0,1,1,3,0
467,1,43,6,9238,1,1,1,1,34,34,0,0,1,0,0,0,1,0,1,2,0,3,3,3,3,2,0,3,3,3,3,2,0,0,0,0,2
2474,1,1,1,9773,1,1,1,1,3,19,2,5,2,0,0,0,1,1,0,1,0,0,2,1,2,3,0,0,2,1,2,3,0,3,3,0,2
1095,1,1,1,9853,1,1,0,1,37,37,9,9,0,1,0,1,0,0,0,2,0,0,2,2,1,3,0,0,2,1,1,0,0,3,3,0,0
2297,1,1,1,9238,1,1,2,1,4,5,2,2,2,0,0,0,1,1,0,2,0,0,2,3,2,1,0,0,2,2,2,1,0,1,1,2,2
830,1,17,1,9254,1,1,2,1,39,3,3,3,2,1,0,0,1,0,0,1,0,0,2,2,2,1,0,0,2,3,2,1,0,2,0,2,0
1307,1,17,3,9147,1,1,3,1,19,38,5,7,2,1,0,0,1,0,1,0,0,0,1,1,1,2,0,0,1,1,2,1,0,2,3,0,2
439,2,39,1,9500,1,19,1,1,37,37,9,9,2,1,0,0,1,0,0,3,0,0,3,1,2,1,0,0,3,1,2,1,0,0,2,1,2
4407,1,1,1,9773,1,1,2,1,1,19,4,4,2,1,0,0,1,1,0,0,0,0,3,1,3,2,0,0,3,2,3,2,0,3,3,0,2
1606,1,1,5,9254,1,1,0,1,3,19,3,9,0,1,0,0,1,1,0,1,0,0,2,3,1,2,0,0,2,1,2,2,0,2,1,2,2
2384,1,17,1,9119,1,1,1,1,19,1,4,5,0,0,0,0,1,1,0,1,0,0,1,3,1,1,0,0,1,3,0,0,0,2,0,2,1
2190,1,17,1,171,1,1,3,1,37,37,9,6,2,1,0,0,1,1,1,0,0,0,0,0,0,0,0,0,0,0,0,0,0,0,2,1,1
1568,1,15,1,9556,1,1,2,26,19,1,9,4,3,0,0,1,1,0,0,0,1,0,3,3,0,0,3,0,3,3,1,1,0,0,1,3,1
2080,1,1,1,9500,1,1,3,1,38,37,9,9,1,0,0,0,1,0,1,0,0,0,3,3,3,2,0,0,3,3,3,2,0,2,3,0,2
518,4,39,1,8014,0,19,1,1,34,34,0,0,0,0,0,0,1,0,0,3,0,0,1,3,1,0,0,0,1,3,1,1,0,0,0,0,0
917,2,39,1,8014,0,9,1,1,37,37,8,10,0,1,0,0,1,0,0,3,0,0,2,0,0,0,0,0,2,0,0,0,0,0,0,0,0
1024,1,18,2,9853,1,1,0,1,38,38,191,171,0,1,0,0,1,0,0,0,0,0,3,1,3,2,0,0,3,2,3,2,0,0,1,3,2
862,1,44,1,9070,1,39,0,1,1,19,5,8,1,0,0,0,1,1,0,2,0,1,3,1,1,1,0,2,3,3,3,1,0,2,1,2,0
2591,1,1,1,9853,1,1,1,1,19,37,9,9,0,1,0,1,0,0,0,2,0,0,3,3,2,1,0,0,3,2,2,2,0,1,1,3,1
3750,1,17,2,9500,1,1,1,1,38,38,7,7,1,1,0,0,1,0,0,0,0,0,3,2,3,3,0,0,3,2,3,3,0,1,1,2,2
1558,1,16,1,171,1,1,3,1,37,37,9,9,2,1,0,0,1,1,0,0,0,0,0,0,0,0,0,0,0,0,0,0,0,0,2,1,0
1293,1,17,5,9119,1,1,0,11,4,12,2,9,1,1,0,0,1,1,0,1,1,0,1,1,1,3,0,0,1,1,2,3,0,0,1,3,2
2083,1,1,3,9773,1,1,2,1,3,1,2,3,3,1,0,0,1,0,0,0,0,0,2,1,2,3,0,0,2,1,2,3,0,2,0,2,2
2685,1,1,2,9119,1,1,1,1,1,38,141,192,1,1,0,0,1,1,0,1,0,0,1,1,2,0,0,0,1,2,1,1,0,0,1,3,1
4042,1,1,1,9773,1,1,0,1,19,19,9,9,0,1,0,0,1,0,0,0,0,0,2,1,2,2,0,0,2,2,3,1,0,1,1,3,2
1218,1,1,2,9500,1,1,2,1,1,1,4,10,2,1,0,0,1,0,0,0,0,0,3,2,3,2,0,0,3,2,3,2,0,1,1,2,2
537,1,17,1,9254,1,1,1,1,3,19,4,4,0,0,0,0,1,1,0,2,0,0,1,1,1,0,0,0,1,1,1,2,0,3,3,0,2
3702,1,1,1,9147,1,1,0,1,1,1,4,2,2,1,0,0,1,1,0,1,0,0,1,0,0,0,0,0,1,0,0,0,0,0,1,3,0
698,1,44,1,9003,1,39,2,1,1,38,9,1,3,1,0,0,1,1,0,2,0,0,1,3,1,2,0,0,1,3,2,1,0,2,1,2,2
2044,1,44,1,9085,1,39,2,1,1,19,3,3,3,1,0,0,1,0,0,2,0,1,2,1,2,2,0,1,2,3,1,2,0,2,1,2,2
3795,1,1,3,9119,1,1,0,1,4,38,2,7,0,1,0,0,1,1,0,0,0,0,1,2,2,3,0,0,1,1,2,2,0,0,1,3,2
1127,1,1,1,9238,1,1,0,1,37,38,9,9,1,1,0,1,0,0,1,0,0,0,2,2,1,0,0,0,2,2,2,1,0,1,1,2,2
214,1,43,1,9773,1,1,0,1,1,1,4,5,2,0,0,0,1,0,0,2,0,0,1,2,2,1,0,0,1,1,2,1,0,0,2,1,2
2063,1,1,1,9085,1,1,0,1,38,38,4,7,0,1,0,0,1,0,0,0,0,0,2,3,2,3,0,0,2,3,2,1,0,3,0,1,2
2731,1,1,1,9238,1,1,0,1,2,12,3,10,0,1,0,0,1,0,0,1,0,0,2,1,2,1,0,0,2,1,2,1,0,1,1,3,2
1908,1,17,1,9853,1,1,0,1,2,19,3,9,0,1,0,0,1,0,0,0,0,0,2,2,2,2,0,0,2,2,2,1,0,3,3,0,1
2235,1,1,1,171,1,1,2,1,19,19,4,8,3,1,0,0,1,1,1,2,0,0,0,0,0,0,0,0,0,0,0,0,0,2,1,2,2
3129,1,1,1,9773,1,1,0,1,1,38,4,9,0,0,0,0,1,0,1,0,0,0,2,1,3,2,0,0,2,1,3,2,0,1,1,3,2
4030,1,17,1,9130,1,1,3,1,38,37,9,7,2,1,0,0,1,0,0,0,0,0,1,1,2,1,0,0,1,1,2,2,0,1,1,2,2
1882,1,17,1,9254,1,1,1,1,19,38,9,9,1,0,0,0,1,0,0,0,0,0,1,1,0,0,0,0,2,0,0,0,0,0,1,3,0
3369,1,17,1,9254,1,1,3,1,1,1,9,10,3,0,0,1,1,0,0,0,0,0,2,2,1,0,0,0,2,3,1,1,0,0,2,1,0
1584,1,1,1,9773,1,1,1,1,37,19,9,9,2,1,0,0,1,0,1,0,0,0,2,2,2,2,0,0,2,1,2,2,0,3,3,0,2
3084,1,1,1,9070,1,1,0,1,37,19,9,3,0,1,0,0,1,0,0,1,0,0,2,2,2,1,0,0,2,1,3,1,0,3,0,1,2
3781,1,1,3,9070,1,1,2,1,1,38,4,7,3,1,0,0,1,0,1,0,0,0,2,1,3,2,0,0,2,1,3,2,0,0,0,0,2
4053,1,43,1,9070,1,1,3,1,2,3,3,2,3,0,0,0,1,0,0,0,0,1,2,1,2,2,0,0,2,2,3,2,0,1,1,2,1
2507,1,39,1,8014,0,1,0,1,38,37,9,7,0,0,0,0,1,1,1,3,0,1,3,2,2,1,0,1,2,1,2,1,0,2,0,2,2
49,1,1,1,9238,1,1,2,1,37,38,9,9,1,0,0,0,1,0,1,0,0,0,1,1,1,2,0,0,1,1,2,2,0,2,3,0,2
3501,1,39,1,9070,1,1,2,1,37,37,9,10,1,0,0,1,1,1,1,3,0,0,2,1,3,3,0,0,2,1,0,0,0,3,0,1,0
1915,1,1,4,9500,1,1,3,1,1,37,4,8,2,1,0,0,1,0,0,0,0,0,3,1,2,3,0,0,3,1,2,3,0,0,2,1,2
4019,1,1,2,9500,1,1,1,1,1,1,5,9,2,1,0,0,1,0,1,0,0,0,3,2,3,3,0,0,3,2,3,3,0,0,0,0,2
665,1,1,1,9085,1,1,3,13,3,3,6,6,3,1,0,0,1,0,1,0,1,0,1,1,1,3,0,0,1,1,1,3,0,1,1,2,2
3674,1,1,1,9070,1,1,3,1,1,1,3,5,2,1,0,0,1,0,1,1,0,0,2,1,3,2,0,0,2,2,3,2,0,1,1,2,2
39,1,44,1,9130,1,39,0,6,4,4,3,6,1,0,0,1,0,0,0,1,1,1,1,3,1,1,0,1,1,3,1,1,0,2,1,2,0
347,4,39,1,9991,0,1,1,1,37,37,6,6,3,0,0,0,1,0,0,3,0,0,1,1,1,0,0,0,1,2,1,1,0,1,1,2,2
3532,1,1,1,9147,1,1,3,1,1,38,4,7,3,1,0,0,1,1,0,0,0,0,1,1,2,2,0,0,1,1,2,3,0,0,1,3,2
2285,2,42,1,9147,1,1,1,1,37,37,9,9,0,0,0,0,0,1,0,3,0,0,1,1,0,0,0,0,1,2,0,0,0,1,1,2,0
1512,1,17,1,171,1,1,3,1,19,37,5,9,3,1,0,0,1,1,1,0,0,0,0,0,0,0,0,0,0,0,0,0,0,1,1,3,2
2998,1,1,1,9130,1,1,1,1,3,19,4,8,2,1,0,0,1,0,0,0,0,0,2,1,3,3,0,0,2,2,3,3,0,2,1,2,2
1993,1,1,1,9147,1,1,2,1,37,38,193,181,1,0,0,0,1,0,0,2,0,0,1,1,2,1,0,0,1,1,2,1,0,1,1,3,2
1064,1,1,1,9853,1,1,3,1,19,1,5,10,3,1,0,1,1,0,0,0,0,0,2,2,1,3,0,0,2,3,1,1,0,0,0,0,1
595,1,39,1,9991,0,3,0,1,37,37,9,9,3,0,0,0,1,0,0,3,0,3,3,3,3,1,0,3,3,3,3,1,0,1,1,2,0
